,0,1,2,3,4,5,6,7,8,9
0,-1.3096534001690334,-1.0838417462798091,0.4340356197319656,1.0110929809082239,0.9483665458085461,1.8703294598662525,0.05825808042447493,-0.4324451388565361,-0.4380358262705762,-1.058106575163614
1,-1.8933657219302724,-0.09793874742839982,0.5846357314394053,0.5104395308015278,0.8962292071178234,1.1802397340589665,0.4818178703352651,0.473860599688189,-0.4086911160249698,-1.7272270880574516
2,-1.8422113540868268,0.2047123992867269,-0.017789276644164152,1.1391277730058251,0.5161604584381858,0.8366510996053489,0.8270120032602888,-0.2420732892430124,-1.839291208872119,0.4177013952494946
3,-0.5653142343911859,-0.6244514416587322,-0.3169623269351207,-0.48253657282950163,1.9892645758146077,0.5597355932737931,-0.34680749325593063,-1.7011866741075683,0.2126559874299802,1.2756025866597256
4,-0.5308607485110746,-0.23719774814950698,-0.3953270200609793,1.9653306645548057,-0.801945147833277,-0.12638364119464926,-1.516164612593767,0.4477035203940887,1.5384342242535476,-0.34358949085922097
5,0.04879624666768181,-0.0732009055632824,1.7480527524975655,-0.3869078684428587,-1.3367402251591558,-1.629244998025144,0.2533655717002367,1.2989658934925756,-0.5051866761377385,0.5821002089700695
6,0.2775129877338306,1.6650991716197616,0.03850429965026575,-0.6851589030859419,-1.295957555917916,-0.2739377440729486,1.5285841941378921,-1.581614338570641,0.29277152636120896,0.03419636214448787
7,1.7626671500737967,0.12063576853937671,-0.6098950532600187,-1.2264902319566462,-0.046917633396451545,1.5175484914905535,-1.1572518493214554,0.45473783481192276,0.23236073248267333,-1.0473952094636947
8,1.2728862486983712,-0.228680415871383,-1.4960585171604872,0.9284892768329123,-0.47663659249929585,-1.2940471496410775,1.0174036964932693,0.6985345707170788,-1.1365224299408943,0.714631312371622
9,0.3538867035049713,-1.061665649644749,1.6463457414471525,0.07694097677461526,-1.015507772081815,1.001888405531622,0.5953284382313998,-1.7443797801967413,0.6158518763183614,-0.46868893988464067
10,0.0867358876260557,1.1323119232205126,0.526357303721028,0.10455766296735035,-1.8499627775349212,-0.41154009569581357,-0.6508152071016092,-0.4094412237527186,-0.5203540386828833,1.9921505652330247
11,1.2367588639362193,0.7345757494184494,0.38501053367486593,-1.2347925515971152,-1.1215525954324195,-0.6611578921823891,-0.41899822423871275,-0.5302720660237435,1.9904108681920434,-0.3799826857471975
12,1.4191306865928228,1.0020821005657035,-0.9304230685143104,-0.7953222018568525,-0.6954675167873717,-0.5074718423247395,-0.6230261821273401,1.9946227427448808,-0.46695544853346754,-0.3971692697593333
13,1.973192566431492,-0.747597219166273,-0.5573876073586072,-0.41680138201336664,-0.2514063578932569,-0.5323454259070065,1.977933467007996,-0.3826763604262018,-0.3157526526939078,-0.7471590279808799
14,-1.136672834524622,-0.6220322017248482,-0.24165508362334168,0.2058459604415446,1.7945141594314582,1.9671376528158075,-0.3239851570114719,-0.2590314185657028,-0.6777388962852248,-0.706382180953408
15,-1.1664103774066825,-0.8110556662328778,-0.39299265272317035,1.0911679398506904,1.2792907565120406,1.0509204457072616,1.3821360765496833,-0.7529598346286834,-0.8990192274793701,-0.7810774601488907
16,-1.3637311470204128,-0.8491237274587797,0.9777780267710618,1.2093445469232103,0.025732300784847235,0.6905559010952607,-0.7391892368734352,-0.8369964153189583,-0.7580179172002847,1.6436476682974175
17,-0.23087217468925567,0.8198823629451629,0.9530693672549032,0.2723070134227749,-1.8143865689336485,-0.7215250031622417,-0.8213819836850944,-0.7407482871231061,1.7112504046398622,0.5724048693305797
18,0.6471872764598041,0.7783670515071894,0.10786430314034882,-1.9473812228401428,0.41396259173290406,-1.058043655275903,-0.9716295558667696,1.6561460235174497,0.43565985587402284,-0.062132668248800677
19,1.1118905635814853,0.48814797626141354,-1.4237668743123315,0.7728992900569359,-0.9491709555874068,-1.4653005612269905,1.6307840803364777,0.1927889530025979,-0.3937176728725636,0.03544520076047846
20,1.0382517595127112,-0.810155860476185,1.3135446147690764,-0.35132438462697063,-1.1903161291785014,1.89972055246005,-0.2016760833786237,-1.0587603857407921,-0.4316084561293234,-0.2076756272113106
21,-0.7348114082028101,1.6945502350818855,-0.2099409751295871,-1.1696875999499312,0.4198897482005707,0.8795121210936836,-0.5362209368387009,0.49970950390090657,0.8696020661398827,-1.7126027542957742
22,0.39221929430963726,-0.6455308059952963,-1.1684931335893636,-0.3023384127689583,1.7241430580439576,0.04121792808458508,0.9372681090361907,1.2572145883483083,-0.9763186737436338,-1.2593819517254494
23,-0.7352946780225211,-1.1939583825696596,-0.4342980552375336,1.3430259498687387,1.0205251659608738,0.9460188460324368,1.1257624174909664,-0.12902008976764862,-0.28804295084928666,-1.6547182229064668
24,-1.3897108554671003,-0.5820950594457679,1.3074269934074223,0.9645675364341197,-0.3001886149286305,1.596648864139333,0.1837016954710349,0.004634088121514332,-1.534309868278553,-0.25067477945333067
25,-1.1133358911950315,1.4197593538289468,0.9601216063577585,-0.7354118161255252,-0.5311332528661051,0.9751546173460204,0.6778452393621076,-1.8772928852923005,0.25395103685403136,-0.029658008269858847
26,1.384433898000934,0.9529937430123018,-0.6385230691060245,-0.44677646979299945,-1.2521281021141846,0.160602295528692,-1.443937700604482,-0.105588872569188,-0.2836857244675443,1.672610002112521
27,1.8676233779366422,-0.24138870280058483,0.012705939060719117,-1.0545126469283963,-0.5844279672683622,-1.4845524922413038,-0.17599406172204018,-0.3501266436907144,1.5626237633635849,0.4480494342904748
28,-0.199709737284358,0.08972913207006686,-1.1259381430050441,-0.5904653082181334,1.8263840564374687,-0.7493003836393346,-0.8382583653392555,0.13889601773801755,-0.43049933405619206,1.8791620652967642
29,-0.2814712699252574,-1.2348546976101018,-0.8149117270882351,1.0804951648435484,1.2507425297800945,-1.066139449222051,-0.015110853743004407,-0.6275532755678068,1.8567216953424346,-0.14791811680957292
30,-1.403171185957564,-0.9937269223470354,0.8542941985801921,1.0202853256169224,0.5223185841075636,-0.370727821942953,-1.0924058848317906,1.8349660358588942,-0.5272226775113789,0.15539034842722838
31,-1.2231343679737465,0.8654471797414921,1.0530456877279293,0.49025766765892803,-1.1856161671545318,-1.1322336103732091,1.8223571529060878,-0.5617953028569358,0.12716469128568955,-0.25549293096163256
32,0.8494316539274945,1.0661256577499212,0.4160523139850286,-1.5197403267177834,-0.8118692989445584,1.8171223411632142,-1.0642953513565323,-0.23163823173222348,-0.6941071649817531,0.1729184069072965
33,1.113322171936823,0.770646164579048,-0.24977668393650734,0.1233664695986453,-1.7575581221780197,-1.385871899737463,0.5915311522620712,-0.5067450271035736,1.552276593691075,-0.2511908191121084
34,1.3371768542901121,0.291773779674084,0.6740515780838702,-1.252918554175226,-1.0500836578728405,0.6045065003553717,-0.23093605886766427,1.335331447148732,-0.03653972618208962,-1.672362162454348
35,0.9729397079443931,1.3825161957181804,-0.682060042030359,-0.46474058280181957,-1.208655278830395,0.24641740012865251,1.5307558213597543,0.405822277044929,-0.9355511455320529,-1.2474443530012838
36,1.6018781985891684,0.045372544201463895,0.20921196117866295,-0.35163312149714493,-1.504829582472168,1.6507573666020525,0.6511380515703321,-0.5408103872104227,-0.8179596250379199,-0.9431254059240408
37,0.8346561281831789,1.1019046898828568,0.18707574061782375,-1.6939740167529773,-0.4296625419308823,1.6560234465295385,-0.3630974032813279,-0.8325789566772978,-1.0446056095487404,0.5842585229778277
38,1.2477156841680705,0.6601670670828149,-0.5479365729470357,0.26406709090021996,-1.624013269204051,-0.4852327727174744,-0.5871385425784204,-0.6331610947652161,-0.27959948574497384,1.9851318958060846
39,1.2543616193550975,0.115731660725314,0.8810399236412244,-0.8984637473038556,-1.3526694564177892,-0.8560950820400197,-0.9007566788605743,-0.5576504128456466,1.6401094910197207,0.6743926827265205
40,0.5878272884432905,1.567533860264797,-0.7104912512933526,-1.2919410274689198,-0.15292886994583757,-1.3304650334794108,-0.9747869769464208,1.303501264221858,0.3023995311511376,0.6993512150528367
41,1.0571394850169273,-0.7730192198731075,-1.2401542676497366,-0.32507523516241743,1.2811092376683433,-1.0862607418209416,1.3364007252145005,0.27186001018664496,0.6939661912598273,-1.2159661848400312
42,-0.7577123172638768,-1.25245723475518,-0.28329274457022724,1.4178247551093242,0.8756375414799598,1.346491308360677,0.254050008715675,0.6872191853663865,-1.2727706747922263,-1.014989827650513
43,-1.3149594851397168,-0.32319015900572995,1.4176042813786431,0.8627710689101997,-0.6422257061434357,0.941810168781085,1.4491505396155964,-0.8464467375807414,-0.5445262925617074,-0.9999876782542327
44,-0.7920330143718004,1.4982983325951411,0.7683144416917101,-1.2117822377464433,-0.2627975221685298,1.375337012440465,-0.8513856455670193,-0.5585236952075591,-1.0003199098326607,1.034892238166775
45,0.6479626194657635,0.08574128980908417,-1.4392959087306374,-0.7084038229398543,1.413995822395664,-0.7817246069670748,-0.3857760223754551,-0.9830833395057145,1.7685181176141167,0.3820658512341273
46,-0.14811837944735662,-1.3298135296586058,-0.7634721748813134,0.8810971314310745,1.3603069525562013,-0.6626197332470897,-1.3101761682028066,1.6729067087191567,0.16981766041019666,0.1300715323205419
47,-1.4278126170563143,-0.945693951832249,0.45430545160101393,0.8622502315014002,1.0569508857861294,-1.425230172701061,1.6666754043434053,0.10875374979779884,0.06755768513025251,-0.41775666657039484
48,-1.8921626639270066,0.10167415373938637,0.6826567739787502,0.9599435585192512,0.1478881776896187,1.6456123800577198,0.12144184116324466,0.08113825599805904,-0.39366215184436526,-1.4545303253746564
49,-0.6737264262674187,0.81592384784493,1.526892335040483,-0.5552328069282806,-1.1138569496896895,0.964252539027812,0.9214866864876642,0.4176792920692898,-0.7080005125383247,-1.5954180050464422
50,0.004257727357673142,0.4513616814450511,-0.8580161610962663,-1.2093159269445382,1.6117126792380652,1.0034978887272947,0.4794228359613833,-0.6915419206760606,-1.6146593150693944,0.823280511056776
51,0.4598281735706108,-0.8494072303577638,-1.200668780612531,1.6200529444020233,-0.02980510700236956,0.348876522640283,-0.7099925012242883,-1.5447404377211669,0.659816914921733,1.2460395013834382
52,-0.8295583401051126,-1.1850862364635397,1.6698953588166223,-1.5082910428374229e-06,0.3447507260429811,-0.75680434284648,-1.5623219664205135,0.5650385481630542,1.130733417339675,0.6233543437642637
53,-1.5497137680709774,1.5852067195502666,-0.24842818358354296,0.13012796695474962,0.08280726514950401,-1.2435266039990942,0.6216510222222056,1.1176278000289326,0.672779787875714,-1.1685320061277586
54,1.5140093433064499,-1.1227464948272816,-0.5783850528153797,-0.6464319341963572,0.8335541385325443,0.3555837192573765,0.9868255276544482,0.42065655318108003,-1.9228261231843458,0.159760323091442
55,-1.2126558120929494,-0.5436045602662679,-0.6272380575297449,1.1917492149444067,1.1917492149444067,0.2252937116461756,-0.1078376732048607,-1.4867327814686033,-0.26134789073844966,1.6306246337657375
56,-1.151564418461964,-1.2356222247907969,0.5925935603574838,0.5925935603574838,1.2019995225377933,0.04483974073817876,-1.3172184682094938,-0.1067960513506383,1.7620746790337927,-0.3828999002118383
57,-0.9035910596222514,0.6199048631668459,0.6199048631668459,1.127737421143456,-1.463956087854971,-0.8741777423235157,0.1703492568381583,1.7830804064275365,-0.06791295698996432,-1.0113389639522146
58,0.6167547900965399,0.6167547900965399,1.1277822417773495,-1.48021621881399,-0.8810756031565143,0.10186552884957267,1.8090701471266608,-0.15035403788469723,-1.1490457519368196,-0.6115358861547167
59,0.9494839693043081,1.3837924254041387,-0.8326751659252495,-0.32348170691039035,-1.1771195218727644,1.6032143779394725,-0.26890338235403216,-1.2230962055502523,-0.7095362659714624,0.598321475936274
60,1.6258027688940224,-0.7900526618582577,-0.23505344234484418,-1.1654823641300078,0.564785699439157,-0.10203853306348443,-1.4162673368330974,-0.7089309907098629,1.0924075583380715,1.1348293022683738
61,-0.8262804652463435,-0.0908431737710004,-1.3237676574269035,0.969034951040258,1.2718563454039893,-1.4437892649488673,-0.88713160787795,0.5304809632846946,0.5638659133364345,1.2365739962056874
62,-0.5885777085343891,-1.1262216692853118,-0.12639443576241163,0.005657523643134788,1.8355362899390313,-0.77737648731441,-0.4552576002353907,-0.44767166090710486,-0.29481467911187,1.9751204275687753
63,-1.4081216202272753,-0.38578825406446676,-0.25076380219812866,1.6203055746836557,0.42436810180621504,-0.556865479851625,-0.5488960450855912,-0.38831161483478943,1.996376552702795,-0.5023034129307888
64,-0.9364407627595244,-0.8453986117096364,0.4161964437068334,-0.3901813534029175,1.7558242841651988,-0.6339738306600534,-0.468642983153862,1.9865297578224188,-0.5860040533306649,-0.29790889067783843
65,-1.2313707958975375,-0.19363733998374189,-0.8569287935877784,0.9082825054917764,1.3736544239773194,-0.41502916844735377,1.9702752805204704,-0.5290504257528728,-0.2491537562710187,-0.7770419300492254
66,-0.7959998456618697,-1.3530197210889596,0.12937202777677842,0.5201827440216311,1.4994647949524134,1.968911784687492,-0.5370356978703085,-0.2563974631241028,-0.7856842370852293,-0.38979438660785154
67,-1.6755492902426918,-0.34702710657168834,0.003218168703832173,0.8808525252953666,1.1385057028151697,-0.25344770075846784,1.34441987273179,-1.6691758119566675,0.584898923525402,-0.006695283542055259
68,-1.4843142320069997,-0.8994659948928316,0.5660295949609131,0.9962652535027221,0.8214853784361962,0.681105152497798,-1.6673406671784887,0.08922290127778948,-0.3717967867949006,1.2688094001978012
69,-1.6289443861976347,0.4380486390211675,1.0448700525848125,0.7983535941168776,-0.6523278995252229,-1.0565280111155446,0.5051433431056181,0.09527417951604199,1.5538537218642599,-1.0977432333703745
70,0.424654634281729,1.0748451034941566,0.8107103049896511,-0.7436502695486683,-1.566559773216926,0.17826200895176084,-0.29473237955497206,1.3884875355012853,-1.6714901154727424,0.3994729505746693
71,1.2437778651304043,0.9742978883399152,-0.6115175889172136,-1.4510799457318253,-0.1554782188212807,-0.18026249388917806,1.4937334787203593,-1.5494756814056434,0.5101386333825687,-0.27413393680810594
72,1.3603360820078656,-0.5352060518422401,-1.5387438809023826,0.00990266547616176,0.7037111852605954,1.386759137579144,-1.6482537819943146,0.4058133970298974,-0.3763469007845405,0.2320281481698138
73,-0.027505956727184765,-1.2657326051180895,0.6450826797031602,1.5011462711298151,-0.8529903889877879,-0.9656306427218255,1.1015997916079205,0.31442710870933227,0.9267008597960614,-1.3770971173914899
74,-0.6320978813583507,0.8097212295637509,1.4556700327203178,-0.32066033957802165,-1.3126330413477292,0.6522641729387104,-0.15049796535902193,0.47390147878337296,-1.8755217552179115,0.8998540688548508
75,0.6976818184437469,1.378365861950502,-0.49348487066371044,-1.538799896234341,-0.04376291349623186,0.25499882296929965,0.831977150766068,-1.3390149946590306,1.2255800206047809,-0.973540999681117
76,1.3831259023159226,-0.49188385076642427,-1.5389629975374748,-0.041402922361064236,0.6891238683490754,1.0317833832947232,-0.849655829810841,1.3728900405739626,-0.5329263994576273,-1.0220911946002165
77,-0.42410923845512977,-1.6818174293075212,0.11698983244642773,0.9944684176580493,0.9944684176580493,-0.3913062358571643,1.924796798745165,-0.06124420898797922,-0.5710001971756253,-0.9012461567243966
78,-1.8914671093576116,-0.0851814766945384,0.7959451426697959,0.7959451426697959,0.38475830071255823,1.8535428203469277,0.11930680992769943,-0.32581853632629837,-0.6141934657033283,-1.0328376282450002
79,-1.7878018252596162,0.7907446152920118,0.7907446152920118,-0.4125607263345979,0.6188733210100684,1.5743323464196708,0.5789394375905934,-0.06592691792398789,-1.0021023889987835,-1.0852424770874922
80,0.8473879655800307,0.8473879655800307,-1.7889383096450606,0.4708344895853794,-0.37667211110118304,1.6153511436629056,0.5739587487311543,-0.9378677057920999,-1.072130339761348,-0.17931184684061113
81,-0.4296672723789228,-0.6025215035315228,-0.45435650079217643,-0.5099243958722046,1.996469672574774,-0.17089652420756044,-0.6652378699208154,-0.7091394506589922,-0.4172031017826943,1.9624769465700618
82,-0.8357222932348011,-0.7448806014087959,-0.7789499261950276,0.7577495193611827,1.6018033014773987,-0.6970162630050366,-0.7410634226866862,-0.44815900422118204,1.9394121337328465,-0.05317344381994146
83,-1.0674757220281361,-1.104950728656951,0.5853622514226462,1.5137904277469467,0.07327377151551805,-1.0722832622771934,-0.7702982954649017,1.6912917161652836,-0.3630674930960024,0.5143573346728134
84,-1.4467014018476392,0.489224435436832,1.5525589278007714,-0.09727364563526356,-0.49780831575470075,-1.3254447581992295,1.3052043389280037,-0.8902458268123211,0.04743949855120368,0.8630467475323433
85,0.2955758026548338,1.7936375718862057,-0.530702625526684,-1.0949894805723508,-0.4635212684420047,1.3861265021200502,-1.230166911196211,-0.11273779401802876,0.8592122445941175,-0.9024340414999286
86,1.9363903241160858,-0.39482712456019303,-0.9607835899714579,-0.32744699146441136,-0.2533326181201193,-1.226732515156624,0.3233619070715071,1.6716481745188083,-0.7721024312548282,0.003824864821135821
87,0.2652517951723723,-1.9629239758287074,0.5305279942908858,0.8223169587453818,0.34482722761999196,0.2386678995736089,1.7721687260827241,-1.0072807604355358,-0.1247640586254127,-0.8787918065953845
88,-1.2367727971566862,0.7815731892948339,1.017764257883707,0.6312561181891122,-1.1938207682110278,1.1820904028945132,-1.0642355978335212,-0.3509935608875098,-0.9603919844786217,1.1935307403051392
89,0.7047472176030317,0.8297839492914624,0.6251711548825877,-0.34100275812337294,-1.8186995636536765,-1.017541172302179,-0.14345877885617148,-0.8902802014065404,1.7493650144562012,0.30191513810868903
90,1.1778046913334062,0.9703550224990775,-0.009214504756060162,-1.507398984521471,-0.6315462245549196,-0.48018080122656803,-1.3470822560043225,1.716986621283697,0.036803962304186824,0.0734724736430061
91,0.8469470024146551,-0.06431936193353333,-1.4580388336123598,-0.6432573014474003,1.3186684945786078,-0.593267986590812,1.443501492414449,0.32663862280680445,0.35101317433502227,-1.5278853029654644
92,-0.31949984937660364,-1.192095017830415,-0.6819676623905703,0.5463763517854076,1.6471861778121624,0.6945220945337275,-0.18750220530596773,-0.16825279937564477,-1.6520823356668994,1.3133152458147832
93,-1.2404719687520136,-0.8905267930819214,-0.04788807308328776,0.7072627413954757,1.4716240935217995,-0.220581957541041,-0.20189908116602825,-1.6420580080683969,1.236064912614099,0.8284741341613661
94,-1.6014561321555623,-0.620644821019695,0.25833266111575104,1.1480309887238387,0.8157373033356979,-0.052433929344338895,-1.3958706409734465,1.2889552626111365,0.9087386039728717,-0.7493892962662232
95,-1.7139531891030864,-0.24689789227114325,1.238051006452563,0.6834370133066507,0.039363061615015994,-1.4870707506528684,0.9344957653704213,0.5915610789300821,-0.9039798412994594,0.8649937476518238
96,-1.2005517705880546,0.5725007473651419,-0.08971714975214007,-0.8587516550987095,1.5765198280737927,0.9684406408328712,0.4941207173701189,-1.5743922761153022,0.8723109898285327,-0.7604800719162212
97,0.0710639084347783,-0.6632890453607305,-1.5160940858622298,1.1844502738517024,0.9238689489362776,0.6029674786163077,-1.6003825666925806,1.0058102727302332,-0.73341508925955,0.7250199046055906
98,-0.6375460146185552,-1.4907724380661442,1.2111062985385168,0.9503962167312188,-0.033184062584935226,-1.3209109899517373,1.3042613904278175,-0.4476298412902389,1.0214261727389118,-0.5571467319247535
99,-0.9415049162967878,1.1548218932334644,0.9525428173433784,0.189405049196604,-1.3552648434767376,0.9919987143578084,-1.1493180555338018,0.6462924377419621,-1.2831793080226852,0.7942062114567172
100,0.9068991512149255,0.6832235927417913,-0.16063663220269517,-1.8686971391039893,0.4392110273499388,-1.0261522516977286,0.22508846040801672,-1.1194311947172682,0.3281596644615536,1.5923353215454277
101,1.0675520893122206,0.4121775197611054,-0.9143684962587116,0.878042469968248,-1.4434035827828398,0.28596111154368015,-0.9319077308250817,0.37932323346114555,1.5244163067937506,-1.2577929209734933
102,0.9299715844430185,-0.22732915501964115,1.3363998913796449,-0.6888681362854967,-1.3501741845175452,-0.8840033404421801,0.44023962737752276,1.59669603449509,-1.2131224530353892,0.060190131604957696
103,0.230591452360603,1.8072532531612158,-0.23476466736993368,-0.9015400190760018,-0.9015400190760018,0.10918272173215718,1.3560032618602005,-1.6733711120658186,-0.300563391202273,0.5087485196757345
104,1.704748320561629,-0.2920517847244392,-0.9440622686199561,-0.9440622686199561,0.47542800140279967,1.4720459141618403,-1.3464955220352735,-0.0692299986689239,0.6837568804870151,-0.7400772739446575
105,-0.2753180211167637,-0.9635980176582974,-0.9635980176582974,0.5348545107500742,1.6676595456833048,-1.4923561279346218,0.11247165072845214,1.0585664434958795,-0.730418353665833,1.0517363873761232
106,-0.564772261433349,-0.564772261433349,0.6725175596822238,1.6078879584496237,-1.1508609952651492,-0.6177253586781665,-0.02485654927419952,-1.1459210502557526,-0.029136593167092672,1.8176395513752108
107,-0.5019693625931997,0.6983953529688364,1.6058509898779358,-1.0705671351391748,-0.7317098451143488,-0.04375040846818957,-1.1770081884340673,-0.04807700433842703,1.8187856354343326,-0.5499500341936479
108,0.7744292481886201,1.4720344260417866,-0.585458046506518,-0.32496200630362937,-1.3360436214202467,-0.837505344570033,0.17161881961662181,1.8403619879799993,-0.27699329148046026,-0.8974821715461275
109,1.872475644295601,-0.3035181603588225,-0.02801884399124469,-1.097333730849036,-0.4436049090964845,0.19902065991680834,1.8196729933908256,-0.236663080072516,-0.8392703418954026,-0.942760231339716
110,0.5676114269465599,1.3321959308325064,-1.6354397172181927,0.17883312180668723,-0.44320076236752404,1.9403356683498412,-0.019556150362899226,-0.5939005182824928,-0.6925366265815537,-0.6343423731228958
111,1.554946533137687,-1.0141937946437103,0.5564577506020609,0.01795082906397358,-1.1151613181598838,1.938059826050181,-0.1731367112970696,-0.5357070121997828,-0.32179439590574327,-0.9074217066475854
112,-0.9731676623084762,1.522127911906675,0.6666014636211954,-1.1335748610483776,-0.08198685217101671,0.5651756118211151,-0.4954901391354184,0.130291358234038,-1.5829069643591924,1.382930133439462
113,1.5419713179891934,0.5930689329134623,-1.4035865900795768,-0.23722361937245262,-0.49423004145051397,0.3158726715464598,0.5708908295714363,-0.1272708808590412,1.0813655471308012,-1.840858167389657
114,1.385617535780435,-1.6699947999953928,0.11496662186388208,-0.2783470893055489,0.4477577316567966,0.8218333967828156,0.3074756126995326,1.1979162449706366,-0.954978266344787,-1.372246988108198
115,-1.5027084040429863,-0.015126515527990393,-0.34291306938573063,0.26222067053672604,1.5985273184197664,0.7181517226851076,1.2204229294830646,0.006038853647370554,-0.2293300826337626,-1.7152834231817795
116,-0.6321406203072207,-0.7562819203919455,-0.5271020217201148,-0.021007910696701725,1.9365324731159557,1.1965540311174214,-0.00655918682496187,-0.23974363313614971,-1.711905645824501,0.7616544346681907
117,-0.9070244593924299,-0.6667487633000805,-0.13615198967764808,1.9161631613250931,-0.20623794895490605,0.1278188373217748,-0.13756599085086604,-1.8130184876190545,1.0021148856429916,0.820650755505154
118,-1.1075553964830316,-0.6208184870374723,1.2618494511550895,-0.6851110438527813,1.1516354762182217,-0.43468254758442304,-1.594212744057294,0.354056251746714,0.22847039426798793,1.4463686456270153
119,-0.3565759280875691,1.1663064672586192,-0.40858191434759233,1.0771548336924694,-1.4783034585159482,-1.805455896123859,0.1591742790163907,0.03253377623933547,1.260659697261379,0.35308814360675395
120,1.1759375482330319,-0.10514811465703469,1.103417564646423,-0.9753081523614483,-1.198898845860989,-0.6837387722322817,-0.9780941193700304,1.8764857652954998,-0.23301738630407856,0.01836451261089224
121,0.42607878389637605,1.774440033261843,-0.5447332254792637,-0.7941867984181271,-0.8615987932607707,-1.1198751272686758,1.8734930315715816,-0.33857312880886936,-0.07496916524032438,-0.3400756102537094
122,1.9465660555989166,-0.1792040322677829,-0.4078548851810994,-0.46964518120999693,-0.8898619569400549,0.8801878882227143,-0.8665696478069728,-0.6584148384537759,-0.8677560819351762,1.5125526799732096
123,1.4227027364412388,0.5274501685939355,0.2855183302338704,-1.3597856025158117,-0.875885632753508,-0.14230735887131604,0.01907333317858295,-0.14322719138095646,1.7022063899177204,-1.43574517284403
124,0.8506013578785885,0.7483745486542972,0.05316149860977972,0.25763045245995153,-1.909767857602704,0.12027649185650732,-0.03628365599507378,1.7438791322798577,-1.2830868122254904,-0.5447851559158001
125,1.1129294711246396,0.350028677740527,0.574405258566688,-1.8040165651034856,-0.23334684232833713,0.02278858185968206,1.8031762060099021,-1.2241720465304662,-0.48577714217614953,-0.1160155991629681
126,0.4957998181004781,0.7436979918374862,-1.8840558686283995,-0.14873146718545568,0.79328952587575,1.8767121838831835,-1.0326679642903105,-0.3230464417455505,0.032306429169720756,-0.5533042070170429
127,0.8660853368526814,-1.8420472822473317,-0.053642102077736356,0.9171937960507662,0.11241025142158399,-1.5091834457766533,-0.05220856080841202,0.6773919258964636,-0.5249673067190762,1.4089673874076787
128,-1.8407085272699084,0.1355189264454591,1.2083141611092403,0.3190104659344504,0.17786497378087912,-0.5798890384328874,0.5214991343004809,-1.2935548059187107,1.6258686837362866,-0.2739239736851682
129,-0.9548377482075755,1.1185449377027188,-0.600205131754228,-0.8729958845181693,1.309493826777254,0.5714495819817149,-1.1371338041292853,1.611037123972362,-0.1773142300011584,-0.8680386718236344
130,0.35626548465532487,-1.0292001600953793,-1.2490938042478057,0.5101872970335897,1.4118411826541455,-0.815221267220446,1.8928030940472762,0.13057681345280978,-0.5500572025217343,-0.6581014377579056
131,-1.06086541231023,-1.2370724572075897,0.172689635714397,0.8952105949618084,1.2300376388416643,1.7843228633772341,0.23289891246245079,-0.3663158000964891,-0.46143548827133674,-1.1894704874718571
132,-1.7750892826068214,-0.35218224484231675,0.37707566541587495,0.7150247133882522,1.0351711486452133,1.5646603655511084,0.25600769173782717,0.04827141348338436,-1.5417178313813225,-0.32722163939099336
133,-0.9697603488458092,0.22066566575102264,0.772326926678746,1.2949275589782239,-1.3181598025621832,0.8624464845229566,0.7336553280537951,-0.25209716226875123,0.500859280429442,-1.844863930737445
134,0.361260899737902,0.7747551489875477,1.1664671857302806,-0.7921561095992259,-1.5103271248563808,-0.36507857803343574,-0.5011435549893478,-0.3972117850670498,-0.7209956738279447,1.9844295919177781
135,0.9041897872518063,1.1253141388859371,0.019656753739789305,-0.3857561139160066,-1.663404565961561,-0.7667772362431724,-0.6734531539556721,-0.9641903780083316,1.4651084813481259,0.9393122868590498
136,1.590180366017263,0.38550082594752433,-0.05622062728672642,-1.448294673242295,-0.47116589143576615,-0.8774823912702888,-1.1904458743109685,1.424567854489172,0.8585756292657828,-0.21521521817369724
137,1.307063990188272,0.7526504543397828,-0.9945698545906307,0.23184425532898864,-1.2969888452665082,-1.0206521369253059,1.391373350681732,0.8693157958815768,-0.12112294019786005,-1.1189140694401436
138,1.1338550582600675,0.004348845403303571,0.7971752277485298,-0.19115261889880328,-1.7442265125131902,1.4123734327605715,0.840473125400822,-0.24452643523509898,-1.3375803490184834,-0.6707397739078106
139,0.6075462060860394,1.2269642772076435,0.45480514875486455,-0.7585778275359664,-1.5307378045124727,1.7405113675845,0.22433009693166844,-1.3031063482230318,-0.37126155567621677,-0.29047356061691904
140,1.4713444439413874,0.8085086737822549,-0.23308186105903364,-0.8959183596067295,-1.150852897057879,1.3556936191638798,-1.7430998436879546,0.14738441226688853,0.3112834155680065,-0.07126160331082058
141,1.6135828973782986,0.4858134408090343,-0.2318646992628824,-0.5078919625154505,-1.3596396764089664,-1.9698779138215514,0.4686619823092796,0.680075675508215,0.1866299947712556,0.6345102612327999
142,1.2748593521897251,0.5759885254341559,0.30719477109593857,-0.522232232123468,-1.6358104165963843,0.4773996892447796,0.6390977514212293,0.2616897928486235,0.6042474109389371,-1.9824346444535699
143,1.132634332926691,0.7842861440487132,-0.2906249716850822,-1.7337870149781884,0.10749150968786651,0.6131449423262699,0.23952803132622133,0.5786446720947162,-1.9820542674033592,0.5507366216561508
144,1.1478529817566778,-0.12231325373198502,-1.8276223466409214,0.3481201663245828,0.4539624522916792,0.029746697808468243,0.3146315402784391,-1.836558422970643,0.2911865670833244,1.2009936178004113
145,-2.6649196990157837e-07,-1.9320630283205857,0.5329863320023533,0.652902387217314,0.7461745755928884,-0.0022933462814334654,-1.8064102958825727,-0.02195570722903019,0.7410630633616475,1.0895962860313881
146,-1.9733589250057024,0.29416717838500617,0.40447441595689076,0.49027274732753834,0.7844445833362497,-1.7511780399105972,-0.314821029800967,0.29935394946264776,0.5798980108363381,1.1867471094125783
147,-1.3119163856320062,-0.7215749373522743,-0.26240006980720665,1.3119465599805178,0.9839448328111559,-0.3930447989094897,0.27488851232916717,0.5799884108732938,1.239954611906445,-1.7017867361994174
148,-0.6308673891812239,-0.5726081137023197,-0.3728578649692809,-0.41447412999458894,1.9908074978474726,0.1576193340336612,0.4684764396967101,1.1408961424483703,-1.8563555952451627,0.08936367906642101
149,-0.9153939875882164,-0.7310832520612345,-0.7694828258557659,1.4498847533535686,0.9660753121515936,0.7099230858578086,1.2380678651141659,-1.1160910789233736,0.41215307040913807,-1.2440529424577393
150,-1.1894964830813959,-1.2290959350146466,1.059620607657798,0.5606934889807935,0.798278321457451,1.5854866333831257,-0.8761850197363037,0.7218529169058665,-1.0099908075488457,-0.421163723003843
151,-1.9366889674382188,0.6593395130068236,0.09342014920500523,0.36290611661579725,0.821023188610631,-0.6921521665447155,1.892362452714637,-0.9085569256643146,0.04375601592962982,-0.33540937643523644
152,0.13640472866477169,-1.4548844228846551,-0.6971261204389917,0.591037482777556,1.4245683318813194,1.8958066395267708,-0.9293185856291384,0.031224346919161122,-0.3512178335823279,-0.6464945672344656
153,-0.7919839391587228,-0.6301326977146244,-0.3549910361969647,-0.17695537195682087,1.954063045027194,-0.8053882100550525,-0.13479388561803143,-0.40179242048749847,-0.6079371903002406,1.9499117064608227
154,-0.9280501848552982,-0.6288703808576376,-0.43528037766380706,1.8819174933963767,0.11028344998034947,-0.5696204137053539,-0.8212953391573559,-1.0156090255613142,1.3954395246659268,1.011085253758097
155,-0.5993305883340728,-0.40915712014608085,1.867146141113384,0.12677843184171722,-0.9854368644748657,-1.092433458108617,-1.2898790880405984,1.1600306872623416,0.7694814030566055,0.45280045583026896
156,-0.22889555700411338,1.7892767721447886,0.2462653407711982,-0.7398256486342852,-1.0668209072776027,-1.6793318453590311,1.1507453199455298,0.6995921296122154,0.33376987506757544,-0.5047754792662894
157,1.79500996898192,0.37888175629915616,-0.5261220835792436,-0.8262282278131048,-0.8215414138887009,1.1799847493061812,0.7047804165672774,0.3194560431687585,-0.5637924722260514,-1.6404287368161656
158,1.713018424151416,0.21296386209588966,-0.28446561932971925,-0.2766971698502652,-1.3648194970673653,1.3214865634979889,0.8578542080000626,-0.20489348706727498,-1.5003303756394577,-0.4741169087913194
159,0.9865227011747993,0.08455934637589053,0.09864547720591876,-1.8743909055101868,0.7046633807533779,1.610456313636939,0.4042303383857144,-1.0660994788860927,0.09865989496171734,-1.047247068098277
160,0.11582510310443093,0.1302957486872507,-1.896599398092827,0.7528563655732108,0.8976221807278935,1.4345185709194614,-0.7453928501643468,0.9814797413039456,-0.7174422603656729,-0.9531632016933888
161,0.04525986599025107,-1.9349993042971954,0.6534962479297441,0.7949312074339925,0.4413119829431273,-0.7214886173285986,0.6266691606269329,-0.6996677805038696,-0.883693528580487,1.6781807657860222
162,-1.904916054493136,0.30982892999577305,0.43084222164463704,0.1282817620810819,1.0359631407717473,0.3777338317394053,-1.019801649722209,-1.213706007253201,1.485691192955328,0.3700826322806763
163,0.26647335957258794,0.4112782390764749,0.049233456286265125,1.1353678046568945,-1.8623528595921197,-0.85378500935282,-0.9378998828091156,0.23308697274686557,-0.25085920619813284,1.8094571256132035
164,0.6604868320334402,0.5007941637308299,0.9798721686386609,-0.34237865351223806,-1.7987745108907018,-1.3606765304205208,-0.11329782880531257,-0.6288152775963456,1.5659102214112475,0.5368794154109325
165,0.8240220653657584,1.3076047545583607,-0.02707895417478713,-1.4971690397664645,-0.6073788259828309,-0.10022239731775927,-0.6077316889465035,1.5529004796309493,0.5398548559724016,-1.384801249339087
166,1.4572488657606282,0.5080668466800244,-0.5374116187736017,0.09537715818611799,-1.5232812518532015,-0.27179798427030005,1.5619944494807556,0.7021926624265654,-0.9313199061735455,-1.061069221463475
167,1.3625689399224767,-0.0011954482004425226,0.8242398216184184,-1.2872036648712666,-0.8984096484692029,1.5854680545011628,0.7458378409166403,-0.8493513381682709,-0.9760566404247114,-0.5058979168248211
168,0.680765037275895,1.3979039594226208,-0.436520085005749,-0.09873548571081175,-1.5434134259819476,1.8989825247987222,-0.7137820549835939,-0.9213130050093141,-0.15123878685160075,-0.1126486779542127
169,1.6504965750973801,-0.2993863197043043,0.059658479284841116,-1.4759476488554037,0.06517891417749466,-0.6432946754987864,-1.2906542251273703,1.1114689231807644,1.2318445852824174,-0.40936460783702394
170,0.23983301910475588,0.8735344334991576,-1.8367562547238547,0.8832778064971676,-0.159889004377268,-1.602351449583587,0.706686339499889,0.8223972899873475,-0.7552129376036462,0.8284807576999977
171,1.0646500257942246,-1.3145478459334399,1.0732031350238154,0.1574710081807582,-0.9807763230654071,0.3155242183194151,0.49781778025535456,-1.9875838738024527,0.5074018083321225,0.666840066895564
172,-0.4688864887496031,1.4380965140616202,0.7067448718908813,-0.20231906777148123,-1.4736358294313783,-0.07066366138774953,-1.5248953634875593,-0.06505595711979123,0.02823285587829908,1.6323821261168001
173,1.4430394818811745,0.7604344177008519,-0.08803793553736892,-1.2746179739859307,-0.8408179900587269,-1.5676702564502425,-0.34098807356338473,-0.2625988176847883,1.0853448807173316,1.0859122669810835
174,1.1969200933770638,0.6259352581940066,-0.17258128167825318,0.1193471605152474,-1.7696212304081014,-0.7319004906690334,-0.7059554732534861,-0.25981751291383237,-0.2596297212792596,1.957303198115611
175,1.2502768745292583,0.3864177907656126,0.70223471377909,-1.3413078078355216,-0.9976215712384326,-0.9992990292441516,-0.6890899726650105,-0.688959397213081,0.8525204376370055,1.524827961485238
176,1.0140723543931602,1.3929514071379672,-1.0586444334055007,-0.6463311396122619,-0.7020481885133887,-0.7758165371607738,-0.7756795878451072,0.8410454962128067,1.5461708007627748,-0.8357201719697
177,1.9604718005870003,-0.6855635592597897,-0.24054911737284437,-0.30068516390244376,-0.7336739600519566,-0.6826950187787849,0.8559203561076208,1.526978562292524,-0.739834829846348,-0.9603690697750112
178,-0.8293542371039725,1.3469625972050883,1.0528708147986006,-1.0646353095684669,-0.5058438653315835,0.7076588274541211,1.4209833372382883,-0.9886042914004499,-1.2230287826559698,0.08299090936401114
179,-0.016270774353283907,-0.1324733264380888,-0.9691495969996337,-0.7483580081556764,1.8662517059467323,1.708022342534768,-0.868221849005848,-1.1188600606126535,0.2774890929165488,0.001570474167183901
180,-0.03185629569059768,-0.8510251738084242,-0.6348536335186933,1.9250455551839376,-0.4073104521662709,-0.551368848838186,-0.9864938365820579,1.43766329580574,0.958649801287319,-0.8584504116728155
181,-0.9335520981147987,-0.7954082856296241,0.840488063312133,-0.6499974580299358,1.5384697784622359,-1.264732814023193,0.9346592627719572,0.500059347425696,-1.1485614279077607,0.9785756317333019
182,-1.2185441634733445,0.2184193478285227,-1.090815989531196,0.8315231406668675,1.2594176645091955,0.5439389770860269,0.026281102521026348,-1.937413542570814,0.5962483619073039,0.7709451010564577
183,-0.3666724446141734,-1.7433810812023212,0.2780285213922069,0.7279751961516064,1.1040498082727002,-0.11213195911756195,-1.8630096821113897,0.3960646588187288,0.5518285040888836,1.0272484783213378
184,-1.9296199464042003,0.02467342436178873,0.45968066017973314,0.823268584387823,0.621997277474837,-1.1928731894923776,-0.3187830808368907,-0.25851430881377574,-0.07456290473437834,1.844733483877422
185,-1.6147908794449526,0.009699936354596494,1.3674825086400295,0.6158550352502397,-0.3782466007998097,-0.5566778932010221,-0.4859337237315405,-0.27000947527745045,1.982882435744758,-0.6702613435347443
186,0.39030748349233224,0.7474498436669185,0.5497466065671426,0.28826453145497466,-1.9757684651813678,-0.5191085905860334,-0.3002679418158438,1.983052856783762,-0.7059258479936691,-0.4577504763882162
187,0.9922195464779683,0.8095672877231374,0.5679916193437956,-1.5236824816846963,-0.8460959718601883,-0.09860506671680536,1.8793497234835943,-0.45001122882911165,-0.23502625370961316,-1.0957071742280642
188,1.2636558444056523,1.046330837036165,-0.8353698014022015,-0.22580305890294372,-1.2488138211366644,1.912059279162816,-0.2621478706632719,-0.06148258967883818,-0.8648353758806486,-0.7235934429400572
189,1.8266534171140347,-0.49093762664311025,0.25983345464903773,-1.000154734645345,-0.5953945104746079,0.11722881344688359,0.5729185824356705,-1.2514111858474606,-0.9306655965881974,1.4919293865531051
190,-0.4201217326551233,0.8512995040399088,-1.2824744009121127,-0.5970181312134903,1.4483147607408176,0.09652030943744329,-1.2340940855726599,-1.0001513491089433,0.7668207268226656,1.3709043984214948
191,0.34441140767456113,-1.4521070952913606,-0.8749911840742988,0.8470649234603624,1.1356219482307754,-0.7560196828447445,-0.5581319776504757,0.9365160483321152,1.4474989210000206,-1.0698633088369165
192,-1.33092768465948,-0.9187548134897285,0.31112777398065367,0.5172135447662886,1.421341179402238,-0.6899216458543428,0.8915044589428546,1.4321545918797045,-1.2313636922176272,-0.4023737127505891
193,-1.4187844977361723,-0.4139002623710912,-0.24551643101569917,0.49320742446409455,1.584993766658868,0.9037969484377936,1.429002366243592,-1.158427374379664,-0.35311909459115004,-0.8212528457105714
194,-1.1901592871667688,-0.9872183295782896,-0.09688743843645435,1.2189643507973182,1.0553007043842224,1.7607894401282695,-1.1077698231741933,-0.21496315502286173,-0.73396059373773,0.2959041318065164
195,-1.6186969491692198,-0.6819178933999468,0.7025812955137974,0.530379389822319,1.0676541572330893,-0.7194051443911595,-0.4173086763925738,-0.5929203723275089,-0.24444795696410257,1.974082150075345
196,-1.8223188023783048,0.15120156718435868,-0.09426189807507386,0.6715909865113807,1.0937881467576114,-0.5660494007180812,-0.7525097607980474,-0.38250996266005605,1.9730730206059737,-0.27200389642978895
197,-0.7407612848495349,-0.9644202286946643,-0.2665980614474351,0.11809532196619352,1.853684253025517,-0.914322595277463,-0.5287793788724849,1.9257599058719714,-0.41363103441098553,-0.06902689731103845
198,-1.2287783227019884,-0.47764008747662146,-0.06355477651541998,1.80463925334077,-0.034666066646753924,-0.6372506534732555,1.9660253081329446,-0.5151247135795779,-0.1496387456188992,-0.6640111954612126
199,-1.0768853077365022,-0.5635135800504978,1.7526226637918092,-0.527698141774093,0.4154743657693006,1.9701382022079184,-0.5747350925342074,-0.19986236362758153,-0.7274454197506003,-0.4680953262955291
200,-1.0602697487881425,1.6462091532564478,-1.0184182694892547,0.08370881800019975,0.3487700470208686,-0.19308380069040643,1.7390242712270803,-0.9801585413377734,0.3565415447917534,-0.9223234739906538
201,1.4141190805332386,-1.593640165414071,-0.3495889673709346,-0.05039503296806165,0.5795050852197168,1.4394680322493505,-0.2417450744492886,0.5847082607740347,-0.20598687797883455,-1.5764443405952608
202,-1.3658044405028757,0.22094376229061743,0.6025562220087034,1.4059740251071977,-0.8636695689034999,0.1918117063413451,1.3811027642230689,0.24326882012599363,-1.728860441178966,-0.08732284951144091
203,0.24715103181683992,0.608356707806771,1.368811622944814,-0.7794624382231028,-1.444856924345403,0.9118476869809502,-0.03646650731130237,-1.6801142304056227,-0.31199421015262957,1.1167272608886039
204,0.8186967767598035,1.5214458657055303,-0.4638100768080894,-1.0787122355074958,-0.7976203301498483,-0.009559123254874954,-1.6928405920757386,-0.2917307040766209,1.17144193475542,0.8226884846518144
205,1.9485008616436612,-0.19750734515085316,-0.8622000181136171,-0.5583472388103863,-0.33044625956888557,-1.7348462308286778,-0.33996432070623994,1.116704469353866,0.7695012393937801,0.18860484278727319
206,1.0071114534119294,-0.27001343438826814,0.3138021580805174,0.7516857460641356,-1.8025859231682624,-1.0668247110629945,1.432166800738362,0.8365214965615169,-0.16003666014599122,-1.041826926090893
207,0.30846002100384307,0.8225364935828139,1.2081131263666967,-1.0410405219192507,-1.2980691190338745,1.000480767526956,0.7242065014521313,0.2619794488512021,-0.14701556352872194,-1.8396511543015677
208,0.8479858671784425,1.0187258888345454,0.022761636946151537,-0.09105508457230836,-1.7984183083868313,1.227302992942927,0.7585697092714911,0.3438177511605565,-1.3726430965066312,-0.9570473568683444
209,-0.0010822113010919947,-0.38004781390491005,-0.4233552141201815,-1.0730089860800343,1.8774942254061795,0.11104242286438609,-0.10894130057449342,-1.0193491745401844,-0.798917910834102,1.8161659630843938
210,-0.5813622116798574,-0.6186864096621163,-1.1785862393452735,1.364285543892566,1.014349316794681,-0.18478782456885545,-1.0761501577773533,-0.8603302696284556,1.7000466010572564,0.4212216509174079
211,-0.9229027664478443,-1.471164097421408,1.0188496415755122,0.6761874519243316,0.6990297703694022,-0.926074535973367,-0.7192453737526647,1.734470118713146,0.5089190569783986,-0.5980692659655124
212,-1.977593605475982,0.6822999790227396,0.31625984613952635,0.3406605694510354,0.6383732108627153,-0.9569324730038697,1.7600885124874175,0.4030249231068188,-0.8227530912423002,-0.38342787134806666
213,0.6863923274956681,-1.2489112893286638,-1.1199013698263125,0.45414557185747584,1.2282747598016857,1.7907709722257057,0.36501894025513315,-0.9228024325817789,-0.46124055010137555,-0.771746929797685
214,0.15642548325092964,0.19514121974740847,0.6675109945863684,0.8998263217355724,-1.918904019320235,0.996743560304616,-1.121984022560828,-0.36262102996172013,-0.8734670565880964,1.3613285488060292
215,0.5219338101466345,0.8528903108949176,1.0156574307211284,-0.9592299984055142,-1.4312515533571664,-0.6233782322810691,0.1358755189782293,-0.3748970177560547,1.859577091767831,-0.9971773607089355
216,1.0704660459879782,1.2379026607129051,-0.7936407243936167,-1.2792037258320297,-0.23552425647521338,0.2626974332040575,-0.18258263986193887,1.765381910296478,-0.7250727242921053,-1.1204239793464918
217,1.8475541071049997,-0.5038774179773469,-1.0658974847730267,0.14212043122050855,-0.4198996355751713,-0.12765517726811626,1.836960145563865,-0.6747823476620776,-1.073512978318337,0.038990357684666674
218,-0.29771752470507507,-1.6467673577034463,1.2529091202586504,-0.09614071273972094,0.787716474889592,1.8752641803519476,-0.523910124618749,-0.9047709358902993,0.15787359281079277,-0.6044567126536925
219,-1.7533232673869525,0.7726526484931174,-0.4025361745961527,0.367412468294594,1.0157943251954513,-0.5241160261278204,-0.814098993932847,-0.005013876654112047,-0.5854432563223922,1.9286721530371718
220,0.794569802132478,-0.514665574070406,0.34310636974546305,1.0654451528111657,-1.688455750618658,-0.9333019686351259,-0.09795222173748062,-0.6972235777953344,1.898505383260887,-0.1700276150929467
221,-0.060324730883181334,0.7583368582800014,1.447740400004733,-1.1805956119781233,-0.9651569154236135,-0.3053541650206982,-0.9770070831822669,1.9322408123263533,-0.38613501293789493,-0.263744551185494
222,0.8353979648730908,1.5082068030946345,-1.0568622626284332,-0.8466094130794247,-0.44013309225980785,-0.8189443852822538,1.9331088793878222,-0.2599987511103334,-0.14422138117559075,-0.7099443618196445
223,0.9245641834687418,-1.0024840739190757,-0.8445283320061278,-0.5391566380536884,1.4616048605101801,1.4247609346993866,-0.6864736065165049,-0.5750184371038496,-1.1196218486673934,0.956352957588362
224,-0.9429339996550096,-0.8281276974310667,-0.6061756837723135,0.8480293137816453,1.5292080670766575,-0.5939431069628984,-0.44175863573913454,-1.1853776410505659,1.6492250949981682,0.5718542887544312
225,-0.8172387124619678,-0.5965735461643455,0.849200170083362,1.526429542308627,-0.9618174537656647,-0.470885500697863,-1.22410542425231,1.647095070764183,0.5558142528689471,-0.5079183986829574
226,-0.7889630196461578,0.7757845646529644,1.5087436801058107,-1.1842631386595381,-0.31130208645311447,-1.020441145810875,1.6332438752088227,0.6246359548629199,-0.3585107841726763,-0.878927900088191
227,0.545558915899746,1.333785665605278,-1.562283114955247,-0.6234978017047732,0.30643633515499613,1.6503069358544216,0.6135291022510515,-0.39707643202035486,-0.932028536921494,-0.9347310691636243
228,1.551070266341538,-0.9623091185773572,-0.14757582597520771,0.659475893446773,-1.100661215235812,1.86893396892105,0.21774991143849362,-0.6562848698635039,-0.6607004187613783,-0.769698591734662
229,-0.7667604997406468,0.4875062176311984,1.7299472962763265,-0.9797509736699485,-0.4709420404969295,1.9338795319594164,-0.2348201897773705,-0.2457762751311715,-0.5162281066302006,-0.9370549604206748
230,-0.29227362583001393,0.3365927685067231,-1.0349315718023144,-0.7773959472077333,1.768008376333364,-0.40545272639622815,-0.4095197698844116,-0.5099150593190462,-0.6661315417661728,1.9910190973658588
231,0.10149469355390267,-1.2190842454800872,-0.9711148060066791,1.4797402333118552,0.6089641246210085,-0.5752484687324908,-0.6771060239790692,-0.8355978125967434,1.8602544484805779,0.22769785682772473
232,-1.2787791026563597,-1.068098482223524,1.014205132976378,0.2743734374792738,1.058299014424267,-0.8368196496609976,-1.0021763474238055,1.8104439872705143,0.1071748825358588,-0.0786228727215706
233,-1.8347790530111834,0.8671668370789494,-0.09282055112664216,0.9243819717435493,0.13605079531531775,-0.7740126502682689,1.7142071457459913,0.207388805544785,0.04302049497549069,-1.1906037959979983
234,1.030216331438995,-0.4713538886203097,1.1197097387530575,-0.11336335430245337,-1.5652088272693037,1.6237416777319937,-0.008588814266718394,-0.1866483706859392,-1.5230288036168456,0.09452431083750933
235,0.2785401223430257,1.3054174004778725,0.5095882961267721,-0.42743716401388865,-1.666108654933736,0.7626036499059899,0.46308567126831063,-1.784869866821553,0.9360525533140107,-0.3768720076667595
236,1.4535061116145578,0.6616140838580139,-0.27077578179703043,-1.5033193936174813,-0.3410250200580963,0.8496196448933176,-0.8258423319154714,1.2021346362844416,0.22357650065030357,-1.4494884499125915
237,1.5736404462196876,0.2915457284411061,-1.4032792716531937,0.19494860676475004,-0.6568555097722877,-0.8222421675339437,1.2250604045774587,0.23717710044773505,-1.451831320410818,0.8118359829195682
238,1.195046329706491,-1.0485717795673948,1.0671705599457506,-0.06045213933600819,-1.1531929707489046,1.1184572523158247,0.03475369688424576,-1.818080968087412,0.6651519144588247,-0.00028189557148277766
239,-0.9761065949502502,1.651868922679241,0.2512423948206334,-1.1060571678132527,0.17905244526358746,0.3419024262093264,-1.8871858280457432,1.1003150837792455,0.29975218522971553,0.14521613282745682
240,0.4197259953742071,-0.4214650911120764,-1.236634782011016,-0.46482107566145064,1.7031949534103605,-1.5720760195406354,0.40639568432815504,-0.12377688756233098,-0.22611834817754511,1.5155755709523573
241,-0.48283114869502514,-1.2599830144353479,-0.524165099968898,1.5427391541503415,0.7242401089489178,0.39638132013080773,-0.15608059914116912,-0.262724667035835,1.5521929963124605,-1.5297690502662638
242,-1.4811872914664603,-0.7313245843855826,1.3750313343809266,0.540909335295189,0.2965712061759033,0.10690233632535633,0.003962297412580292,1.7558430965686185,-1.2190743017049825,-0.6476334286015735
243,-1.3038195031787791,1.5705712426357095,0.43230560875538904,0.09887513248460574,-0.7979324806969251,-0.09292951843080627,1.6077944809781768,-1.2802521360865493,-0.7254979498437512,0.49088512338293006
244,1.7040321783897805,0.22680338193926416,-0.20591907448974162,-1.3697862700156536,-0.3551302158236918,1.6510052176235037,-0.9810885850892683,-0.4754994276944758,0.6330818292170395,-0.8274990340567999
