,0,1,2,3,4
0,-0.8661803341282946,0.8102977319264691,1.5437568858254282,-0.5169140703668855,-0.9709602132567173
1,0.825621556309157,1.5011301023802854,-0.3967272413433612,-0.8148991984350121,-1.1151252189110692
2,1.940237740484176,-0.07043017559134597,-0.5134586994723932,-0.831530460207504,-0.5248184052129329
3,0.4294842491575496,-0.49083914189434247,-1.151584140598265,-0.5144371775623396,1.7273762108973976
4,-0.6238308953228092,-0.9313531676650391,-0.634813833620746,0.4085653046832483,1.781432591925346
5,-0.7163428886989517,-0.4499343763728953,0.4874289077373032,1.7208016499875645,-1.0419532926530206
6,-0.29241349706593855,0.5493829338814603,1.657009816706985,-0.8240744008221905,-1.0899048527003166
7,0.6171406536433715,1.6767915012453143,-0.6968263973830375,-0.9511426008075039,-0.6459631566981443
8,1.9867098376142716,-0.45525133241204996,-0.7168900292005844,-0.40292359305434305,-0.41164488294729423
9,-0.46845251282086375,-0.6568382418372969,-0.4307753670175771,-0.43705489131812486,1.9931210129938626
10,-0.5849006581472695,-0.3655629113420435,-0.37165562653107753,1.986225151625103,-0.6641059556047123
11,-0.6298220607256911,-0.6360455988751545,1.7724636649671626,-0.9347754300493953,0.42817942468307857
12,-0.7147101615454452,1.7681698431052486,-1.0226642706494071,0.3823763521374195,-0.4131717630478157
13,1.7723230570645108,-1.0579285208468776,0.36695675630851105,-0.43982760153289624,-0.641523690993248
14,-1.339095423104977,1.734928661381291,-0.005614655862075376,-0.440750485172917,0.05053190275867838
15,1.110342056910184,-0.6731089153289718,-1.1189716583887608,-0.615578238805128,1.2973167556126763
16,-0.5168420717933,-1.0509122126463766,-0.4479297955541933,1.8434033893961033,0.17228069059776666
17,-1.316912526071822,-0.7244711583017222,1.5268060392246574,-0.11510289430961941,0.6296805394585062
18,-1.3787452975438446,0.8575123192040985,-0.7734424839880104,-0.03362793408643523,1.3283033964141917
19,-0.14898146878479124,-1.1123949669264412,-0.6753826584910536,0.12911727294681907,1.807641821255467
20,-1.224487915659871,-0.8718866834017929,-0.22277986947214928,1.1315294089736503,1.1876250595601627
21,-1.4706665088112352,-0.6502533737305874,1.0614727969932332,1.1323726975557582,-0.0729256120071687
22,-0.7596690678731765,1.0902455210398903,1.166869202237473,-0.1357333781214321,-1.3617122772827543
23,1.08606614425582,1.1638009398569524,-0.15769058536229696,-1.4014473149804139,-0.6907291837700614
24,0.892033092512802,-0.2469361994295096,-1.318907297728156,-0.7063523844146438,1.3801627890595072
25,-0.2469361994295096,-1.318907297728156,-0.7063523844146438,1.3801627890595072,0.892033092512802
26,-1.4780346122739678,-0.9019431677822873,1.0603683150174994,0.6012954451881916,0.7183140198505642
27,-1.6734129565507487,1.1241639186644599,0.4696849249214525,0.6365129037186896,-0.5569487907538535
28,1.305030550295068,0.3957879537780124,0.6275556744588305,-1.0304749427193296,-1.2978992358125814
29,0.7882952398289739,0.8899603005212027,0.16266409710756605,0.04535825784730207,-1.8862778953050447
30,1.2838430058086807,0.5486373436152859,0.4300557851969965,-1.5225872100908369,-0.7399489245301263
31,1.0768466171558368,0.9230113861335745,-1.61014208469968,-0.594829559952748,0.20511364136301655
32,1.4704559456209787,-1.5066146983821502,-0.31337585726348727,0.6267517145269745,-0.2772171045023156
33,-1.7398261703356932,-0.003507714053096156,1.3645007666544047,0.04910799674334618,0.3297251209910386
34,-0.3838430932138279,1.7857048249512864,-0.3003989425151697,0.14463652787767428,-1.246099317099963
35,0.5545114407535267,-0.6405563194911428,-0.3856085306389467,-1.1823203708020595,1.6539737801786225
36,-0.7218494012681134,-0.5413870509510851,-1.1053318956917986,0.9023117515851418,1.4662565963258554
37,-0.9086330819297118,-1.3549165209914562,0.2338525220683541,0.6801359611300987,1.3495611197227153
38,-1.7897844709602437,-0.24176874777791438,0.19306712952049276,0.8453209454681034,0.9931651437495619
39,-0.5432033538554425,0.04981340799547726,0.9393385507718569,1.1409642498011696,-1.5869128547130613
40,0.3328955218410628,0.9135272459824514,1.0451371034544994,-0.7354668505790922,-1.5560930206989214
41,1.0700530351125295,1.2022543548575366,-0.5863517358102087,-1.4106658471614304,-0.2752898069984269
42,1.7359411336715813,-0.04968704497092182,-0.8726287273018145,0.2608569860973396,-1.0744823474961844
43,0.627399487449281,-0.9789856736527428,1.2335825671104221,-1.3730046754324845,0.49100829452552425
44,-0.8982344816723823,0.40277974773404446,-1.129921947183116,-0.033862014190030286,1.659238695311484
45,0.4072678702971821,-1.1155598186401074,-0.0265609480628597,1.655632429251588,-0.9207795328458029
46,-1.0017822062209965,0.10830077905091852,1.8230631140237952,-0.8032307779609791,-0.12635090889273828
47,0.18529018047901552,1.7293750178041447,-0.6355128119938164,-0.026005639365475862,-1.253146746923868
48,-0.4374721163413528,-0.5203417855610727,-0.4989836233910418,-0.541984723226704,1.9987822485201714
49,-0.5002370016884197,-0.479040518566029,-0.5217161045857756,1.999817527653818,-0.4988239028135937
50,-0.4835211582379154,-0.5262730582812023,1.9997696714287647,-0.5033399198473861,-0.4866355350622608
51,-0.5251361997537293,1.9997965304697956,-0.5022131386521708,-0.4855160941460972,-0.4869310979177983
52,1.9999136370237933,-0.5060015625180526,-0.48927845463738656,-0.4906956671696464,-0.5139379526987078
53,-0.7172840716696608,1.0608571144021874,0.9101671833791495,-1.5611476853986737,0.3074074592869975
54,-0.16145964517741163,-0.21457137056471806,-1.0856036669165439,-0.4270182721139439,1.8886529547726174
55,-0.5615909714216454,-0.9676796809152513,-0.6606369981274028,0.41896469296535443,1.770942957498945
56,-0.872019564280451,-0.5769037728754949,0.4607614291612863,1.7602228977669803,-0.7720609897723207
57,-0.6532910097170764,0.42726619907141117,1.7804410522790126,-0.8565150719204159,-0.6979011697129315
58,0.47680151699438705,1.750449404856106,-0.7315310945667308,-0.5822390344510715,-0.9134807928326907
59,1.9291771037701708,-0.6264061113835415,-0.4726868202464761,-0.81375149745684,-0.0163326746833132
60,-0.3719270747481559,0.18422556038927348,-1.0497380988218978,1.835303695953517,-0.5978640827727366
61,0.10257280328370733,-1.1530597886375376,1.7826445812064997,-0.6932506704691943,-0.03890692538347519
62,-1.0997985272586304,1.8353550985441451,-0.6400756702051835,0.014145318678567593,-0.10962621975889884
63,1.6781588487970813,-1.1869904052467162,-0.42977238810656965,-0.5730298508087595,0.5116337953649639
64,-0.7285229429347737,0.3162580217391266,0.11859675815217247,1.6151748967391106,-1.321506733695636
65,0.19886736226578178,-0.01205256741004738,1.5849126144212304,-1.5487549121910884,-0.22297249708587655
66,0.3703496352695608,1.5387145560604372,-0.7539260432273202,0.21603728724057714,-1.3711754353432548
67,1.7264711597018074,-0.4368180042619031,0.47841971895351293,-1.0192420099444406,-0.7488308644489767
68,-0.07357303295929284,1.724878883823421,-1.2180424345482925,-0.6866816409533998,0.2534182246375642
69,0.3023343642874655,-0.9933843398016724,-0.7594351293411336,-0.34552498775710344,1.7960100926124438
70,-0.9057600102557962,-0.6693166340846044,-0.2509937377817267,1.9133725517853366,-0.08730216966320928
71,-0.5392371656435335,-0.15406776161243815,1.8387652418527947,-0.0033492991654877863,-1.1421110154313352
72,-0.3129228280662049,1.7558447574825942,-0.15646141403310246,-1.3386143200609877,0.05215380467770082
73,1.7558447574825942,-0.15646141403310246,-1.3386143200609877,0.05215380467770082,-0.3129228280662049
74,-0.03548518068494263,-1.5436053597950041,0.23065367445212706,-0.23508932203774488,1.5835261880655647
75,-1.4852013136807527,0.277648910272663,-0.18509927351510866,1.6218222060371426,-0.22917052911394406
76,0.28766759524899504,-0.1631547555143554,1.5971991855615844,-0.20609021749181733,-1.5156218078044066
77,-0.3227020898612328,1.2338609318223606,-0.3606670416096131,-1.518598069935213,0.9681062695836984
78,1.2669929340053108,-0.16348295922649173,-1.202280929311491,1.0285802851333437,-0.9298093306006717
79,0.285679488697867,-1.034506027254397,1.8006464742168586,-0.6882278591357704,-0.363592076524558
80,-0.7687673776593302,1.9530846891885687,-0.4363274305634037,-0.12466498016097248,-0.6233249008048624
81,1.1016154206639666,-0.841417913329226,-0.5879787828083748,-0.9934813916417368,1.3212626671153709
82,-0.8075033320765577,-0.5218299834645679,-0.9789073412437514,1.630242576079088,0.6779980807057889
83,-0.8415024864396167,-1.104472013451997,0.3966457032436735,-0.15120747803211862,1.7005362746800587
84,-1.1255829277511318,0.38919959780785696,-0.1636407399873944,1.704959601760555,-0.804935531829886
85,0.29997187895446026,-0.3249695355339986,1.7873324454369923,-1.0499015763406108,-0.7124332125168431
86,-0.13559389637700822,1.947621420687936,-0.8505435318194151,-0.5177221498031223,-0.4437618426883905
87,1.967873290846341,-0.6413979534417397,-0.33104410500218817,-0.2620765831267323,-0.7333546492756808
88,-0.9537643777779571,0.32106919647970833,0.604365546314745,-1.3314928442246727,1.3598224792081763
89,0.29318916314696813,0.5863783262939363,-1.4170809552103458,1.3682160946858513,-0.8307026289164097
90,0.7917062894387088,-0.36757792009654333,1.2441098834036852,-0.028275224622811027,-1.6399630281230395
91,-0.5062490091904652,0.5867886242889483,-0.27613582319479923,-1.3691734566742129,1.564769664770529
92,0.22758963106682428,-0.5852304798861195,-1.6148026204265151,1.148785756813494,0.8236577124323164
93,-0.45733187694088084,-1.4836278212570309,1.2711665555915823,0.9470730994917455,-0.27727995688541596
94,-1.313016316943771,1.28920514021163,0.983061439369818,-0.17348143047702672,-0.7857688321606504
95,0.7508123039313624,0.4195715816087025,-0.8317822582769014,-1.4942637029222212,1.1556620756590579
96,0.3575271638611555,-0.8460296253744175,-1.483206749087368,1.0655017457644338,0.9062074648361962
97,-0.8875736426998472,-1.5020477030305106,0.9558485382921431,0.8022300232094772,0.6315427842287374
98,-1.6576172973674832,0.9369141245990122,0.7747559107261063,0.5945801175339885,-0.6486328554916239
99,1.0460300629378707,0.8152881372898111,0.558908219903078,-1.21011321006538,-1.21011321006538
100,1.3169948271471432,1.0731068961939685,-0.6097198273829367,-0.6097198273829367,-1.1706620685752385
101,1.8231149781869793,-0.4072916440630486,-0.4072916440630486,-1.1507605181463911,0.14222882808550902
102,-0.4403678483021497,-0.4403678483021497,-0.9908276586798369,-0.03350624932733748,1.905069604611474
103,-0.7469325536906056,-1.2163163989060135,-0.3999966680966085,1.2530507867924368,1.110194833900791
104,-1.5396601180924854,-0.8029806357515833,0.6887953159887434,0.5598764065790857,1.0939690312762396
105,-0.7204054075889527,-0.439051318800596,-0.46336586968354043,-0.3626341588827708,1.98545675495586
106,-0.3820079231021314,-0.405505774259556,-0.3081575337502255,1.9610635208810645,-0.8653922897691517
107,-0.4086047341475366,-0.31115788143143003,1.9603618577440203,-0.8689571073236264,-0.3716421348414272
108,-0.29598944694093915,1.9623498999222084,-0.8505520676203512,-0.3561227431591886,-0.4596856422017294
109,1.9628317531684816,-0.6976710416928538,-0.23002922026829598,-0.3279812234045209,-0.707150267802811
110,-0.7922461313673039,1.445395613715921,0.976700383326867,-0.8376037343081801,-0.7922461313673039
111,1.4102703354356414,0.9833330268564922,-0.6693275224821501,-0.6280110087486841,-1.0962648310612995
112,1.93325890377492,-0.37740910870506406,-0.31964240839306446,-0.9743316785957266,-0.26187570808106486
113,0.6372128909998415,0.8109982249088892,-1.1585688927269846,0.9847835588179369,-1.274425781999683
114,0.21215978596463778,-1.0315355110694457,0.32189760629117453,-1.1046940579538036,1.6021721767674368
115,-0.9562475224805309,-0.21294587685490812,-0.9964259898116457,0.49017730143959987,1.6754420877074847
116,-0.3560516954476192,-1.213213184488184,0.4131957947169902,1.7099272781373318,-0.5538581929185188
117,-1.2377995568015274,0.3978641432576338,1.7019743906021003,-0.5746926513721378,-0.2873463256860689
118,0.13493797441319771,1.7935505765754196,-1.1019934577077815,-0.7365364436720375,-0.08995864960879849
119,0.34512206809336693,-0.9154301664320512,-0.7563313407152509,-0.4748488029086041,1.8014882419625393
120,-0.941362924107005,-0.8305140290581728,-0.6343967532025467,0.9515951298038202,1.4546785765639043
121,-1.2654246702672594,-1.0452675793735609,0.7351332426363504,1.2998840410158383,0.2756749659886314
122,-1.6997651367151447,0.5879071891098692,1.3135666903124275,-0.0024598627159408753,-0.1992488799912109
123,-0.4384572119616809,-0.1984852684947127,-0.6336886235958246,-0.6987657608072058,1.969396864859424
124,-0.3332893605546063,-0.7790638802963922,-0.8457217524073134,1.887251004140458,0.07082398911785383
125,-0.7059159929452192,-0.7709773747834883,1.8965392805855428,0.1236166254927112,-0.5432625383495466
126,-0.7722330850463562,1.89681277264811,0.1228737574731294,-0.5443877069504872,-0.703065738124396
127,1.8911536311905663,0.1330662469707648,-0.5282326773687935,-0.685492787425152,-0.8104944133673856
128,1.856286479755204,0.10869186046787073,-0.3068946648504585,-0.6372326721547715,-1.0208510032178448
129,1.4251419645712304,0.6531900670951473,0.039587276793645286,-0.67298370549197,-1.4449356029680531
130,1.4354966790197707,0.7529752518784687,-0.039630276414656246,-0.8982862653988749,-1.2505553890847083
131,1.6491412098501381,0.636016917109439,-0.4615344000263185,-0.9118118634666292,-0.9118118634666292
132,1.7634736345123132,0.24189240119416688,-0.3823460535004573,-0.3823460535004573,-1.2406739287055655
133,1.5285446012893575,0.3057089202578715,0.3057089202578715,-1.3756901411604219,-0.7642723006446788
134,0.6122131917883573,0.6122131917883573,-1.5601561984283945,-0.7702036928950302,1.10593350774671
135,-0.4110299280315062,-0.655426101455645,-0.566554765665049,-0.3554853431623837,1.9884961383145838
136,-0.6610519913416922,-0.5720214201172219,-0.36057381345910483,1.9876075025863003,-0.39396027766828123
137,-0.6177894422627064,-0.4020173944135994,1.9941879790685892,-0.4360866651266163,-0.538294477265667
138,-0.653902319782612,1.8365920750573004,-0.6893121926950279,-0.7955418114322753,0.30216424885261495
139,1.6921499070452595,-0.9588023631427751,-1.070291010019842,0.08175834104318237,0.2551851250741753
140,-1.0815718041246765,-1.2869335390850583,0.8351377221722186,1.1545893098883677,0.37877831114914834
141,-1.3262196401601218,-0.1170193800141284,0.06501076667451577,-0.37706244671219147,1.755290700211926
142,-0.2789467366728265,-0.06670465442176286,-0.5821497113172032,1.9041146807666853,-0.9763135783548927
143,-0.23951666401597402,-0.7484895750499188,1.7065562311138147,-1.1377041540758766,0.4191541620279545
144,-0.7305787648662421,1.7146236318289356,-1.118232803366697,0.4323833506351229,-0.2981954142311192
145,1.4230336302297113,-0.4891049110973406,0.5575393431027299,0.0644088771815428,-1.5558769394166432
146,0.08217298590829983,1.3770200365845395,0.7669478684774651,-1.2375749695886369,-0.9885659213816677
147,1.455526154803361,0.8511127515375585,-1.134817002050078,-0.888117653778322,-0.2837042505125195
148,1.7835957936292943,-1.1111514117569596,-0.7515554856220211,0.12945453340857782,-0.050343429658891374
149,-1.5345316221089016,-0.751607325114564,1.166557202521563,0.7750950540243942,0.3444866906775085
150,-1.5581420835971171,1.3121196493449407,0.7263519487445208,0.0820074780840588,-0.5623369925764032
151,1.0803365548861172,0.24930843574295014,-0.6648224953145336,-1.5789534263720175,0.9141309310574838
152,0.7308551593514968,0.22203194714475852,-0.2867912650619797,1.1009084045927608,-1.7670042460270365
153,0.4068790016230728,-0.1389342932371468,1.3496474200179975,-1.7267547873759674,0.10916265897204391
154,-0.12950879808438656,1.3648234875046892,-1.7234632360460673,0.11954658284712605,0.3686019637786387
155,0.544457100278377,-1.5653141633003338,-0.306257118906587,-0.13611427506959425,1.4632284569981382
156,-1.3703705399001918,-0.0834743476081335,0.09043054324214463,1.725136517234759,-0.3617221729685785
157,-0.277359894142573,-0.06723876221638134,1.9078998778898204,-0.6135537052244797,-0.9497475163063863
158,-0.3728094080909726,1.3450378644850778,-0.8479586536971142,-1.1403581894547399,1.016088386757749
159,1.34853405667752,-0.8382779271238637,-1.1298528582973815,1.0205122591073124,-0.400915530363587
160,-0.49955559497040986,-0.8765786855141154,1.903966607245713,0.06597904084514847,-0.5938113676063362
161,-0.9418723859176186,1.8933557145486823,0.019221885426890177,-0.653544104514266,-0.3171611095436879
162,1.3550810091963934,-0.4672693135159977,-1.1214463524383944,-0.7943578329771961,1.0279924897351949
163,-0.47680073892799185,-1.1065375639272264,-0.7916691514276092,0.9625977182131157,1.4124097360697119
164,-1.0644088351622045,-0.7539562582398949,0.9757080988986874,1.4192117802162727,-0.5765547857128608
165,-1.3043563398996543,0.5937741547304396,1.0804742815586688,-1.1096762891683627,0.7397841927789084
166,-0.19123570327514336,0.19123570327514336,-1.5298856262011469,-0.07649428131005735,1.6063799075112042
167,0.4941412347677438,-0.4811375180633295,0.34243120654957687,1.2960370982066263,-1.6514720214606173
168,-0.5367180212849507,-0.44550476185369786,-0.33988940882803675,-0.6663368636346257,1.988449055601311
169,-0.45501167888985894,-0.34897082152145964,-0.6767334715692394,1.9887480795546166,-0.5080321075740586
170,-0.3109338591595372,-0.633243347312716,1.9878911666388706,-0.4673487578221093,-0.576365202344508
171,-0.5891479406565477,1.9965569100027452,-0.4254957349186178,-0.5330386129749718,-0.4488746214526078
172,1.997023438103928,-0.4290040969285174,-0.5367234662446299,-0.45242135112767223,-0.5788745238031086
173,-0.3043196629600735,-0.5959593399634773,-0.36771959274342214,-0.7100792135735049,1.9780778092404778
174,-0.6799567397640018,-0.4490280356932087,-0.7954210917993983,1.924405867256609,0.0
175,-0.5175182209017237,-0.8748837442865457,1.9310974022905751,-0.054266616513991485,-0.48442882058831427
176,-0.8535580404881709,1.9303543377194017,-0.03939498648406942,-0.46617400672815484,-0.5712273040190067
177,1.96236606277469,-0.1598755335930353,-0.6196945461393758,-0.7328807646123212,-0.4499152184299578
178,1.3985059762179213,0.021189484488150324,-0.31784226732225485,0.5297371122037581,-1.631590305587575
179,0.27084461876089966,-0.1625067712565398,0.9208717037870588,-1.8417434075741177,0.812533856282699
180,0.25854436751889953,1.0793201374201677,-1.0136580758280664,0.997242560430041,-1.321448989541042
181,0.9946612952341688,-1.0508115296425493,0.914446674650768,-1.351616356830302,0.49331991658791435
182,-0.8851968841931334,1.3738993306747591,-1.230976917081076,0.8898072846316393,-0.1475328140321889
183,1.3600388129281107,-1.134837580917287,0.8963892176117093,-0.09714562949486505,-1.0244448201276677
184,-1.163832885157823,1.0302782917790565,-0.042928262157460685,-1.04458771249821,1.2210705680344374
185,0.8782598808085883,-0.43912994040429415,-1.6686937735363179,1.1124625156908785,0.1171013174411451
186,-0.005885000769022526,-1.241735162263753,1.5536402030219467,0.5531900722881175,-0.8592101122772887
187,-0.6477606095039311,1.5190442462310496,0.7435561925995828,-0.3512504713507232,-1.2635893579759783
188,1.4588904898669854,0.6403710731099309,-0.5151857505470873,-1.4781497702612691,-0.10592604216856
189,1.3043089308059044,-0.3346132859135566,-1.7003817998464408,0.24583833250791914,0.48484782244617386
190,-0.3844875170987461,-1.567526031248734,0.1183038514149988,0.3253355913912467,1.5083741055412347
191,-1.2255845084661972,0.26711457235801733,0.4504284945644998,1.4979366214586853,-0.9898951799150053
192,-0.26251002143677804,-0.05369523165752278,1.1395321385096502,-1.6943828656373854,0.8710559802220362
193,0.08835330232419807,1.1927695813766739,-1.4302190813729563,0.9442759185898668,-0.7951797209177827
194,1.292855518086944,-1.2766272061444301,1.049430838949235,-0.654541915014729,-0.41111723587701987
195,-1.269518414397969,1.0241493090941598,-0.6560956511384461,-0.41606065681950244,1.3175254132617575
196,0.8249446078519359,-1.3226384621758311,-1.015840880743293,1.199919429602816,0.31361530546437233
197,-0.8327913614275706,-0.537707808165833,1.5934511876133832,0.7409875893016967,-0.9639396073216763
198,-0.9497690387556861,0.8448526914512788,0.1270039993684929,-1.308693384797079,1.2866057327329934
199,0.8522320463870298,0.19666893378162226,-1.1144572914291928,1.2556555002980498,-1.190099189037509
200,0.22650941265030675,-1.1119552984651422,1.3075770639358617,-1.1891744164141105,0.7670432382930842
201,-1.1368213441418225,0.7379366619867971,-1.1966540464650763,0.31910774572402034,1.2764309828960814
202,0.7350560647189932,-1.2345693020694692,0.3086423255173673,1.2833023008353694,-1.0924313890022606
203,-1.1798685160323477,0.4684772048951969,1.5095376602178567,-1.0280471996311265,0.2299008505504207
204,0.39142500136478975,1.5805642460173155,-1.317962662823216,0.11891392446525258,-0.7729405090241418
205,1.5217520740322916,-1.331533064778255,0.08291597839278513,-0.7950179104719985,0.5218829228251769
206,-1.4432916756488352,0.22425647549922142,-0.810773411420262,0.7417714189589631,1.2880371926109129
207,-0.34640300450084094,-1.7635062047315537,0.3621485956145155,1.1100641735140584,0.6376964401038208
208,-1.5426980210867616,0.45026114491049024,1.1514875181317457,0.7086077034656896,-0.7676583454211637
209,0.10438335009588315,1.206207601107983,0.5103186004687621,-1.8093114016619745,-0.011598150010653683
210,1.1916028103706433,0.7303372063562007,-0.8072148070252745,0.38438800334536877,-1.4991132130469382
211,0.09391589186375483,-0.7227440373862872,-0.08983259221750463,-1.090241005548806,1.808901743288843
212,-0.6692261123388523,-0.036725823238107747,-1.03648434471993,1.860775044064126,-0.11833876376723608
213,-0.012032193087510105,-0.9946612952341688,1.8529577354765563,-0.09224681367091081,-0.7540174334839667
214,-0.8267911492643687,1.9163009814725556,0.042498610476205866,-0.5949805466668822,-0.5370278960175106
215,1.9222547800952672,-0.12224865926044462,-0.8178013757422847,-0.7545693106075719,-0.22763543448496584
216,1.373593391499699,-1.089916495429109,-0.8659610511628537,1.0003343177226067,-0.41805016263034317
217,-1.089916495429109,-0.8659610511628537,1.0003343177226067,-0.41805016263034317,1.373593391499699
218,-1.3279548545581965,0.2836408427211682,-0.941171887211149,0.6059599821770412,1.3795259168711362
219,-0.15269597956778627,-1.7644868750055303,0.27145951923162004,1.289432716350195,0.3562906189915013
220,-0.9196321843507973,-0.4291616860303721,-0.18392643687015947,-0.40872541526702105,1.94144572251835
221,-0.7545994519022067,-0.4785264816940823,-0.7315933710515297,1.9141059267763292,0.05061337787148947
222,-0.6329768562011953,-0.9028507096203094,1.9185577579431576,-0.0686951626885018,-0.3140350294331511
223,-0.9258333377827439,1.9209804013887948,-0.08416666707115854,-0.3317156878686836,-0.5792647086662087
224,1.9702091042456296,-0.22795807817718028,-0.49933674267382344,-0.7707154071704666,-0.4721988762241591
225,-0.2848799960333404,-0.500698174846477,-0.7165163536596137,-0.47911635696516336,1.9812108815045946
226,-0.7214938299777904,-0.924160636151327,-0.7012271493604368,1.609174441017881,0.7377071744716733
227,-1.1286756910198434,-0.8908321545980373,1.574091768318862,0.6443397623063474,-0.1989236850073287
228,-0.8773564840569125,-0.04247635732495903,-0.35738728232034495,-0.6430041677812763,1.9202242914834928
229,-0.16469102100845837,-0.5051580355932521,-0.8139536999841116,1.9572894419851399,-0.4734866853993178
230,-0.6738789741390065,-0.9691742549414925,1.6809115984141512,-0.6435922786720849,0.6057339093384329
231,-1.165924040453776,0.6656442457168775,-0.9409027938670959,-0.07744917324378764,1.518631761847782
232,0.6310942088734359,-1.1529382232089291,-0.19409343072166446,1.5783166402396427,-0.8623791951824852
233,-0.6944765775011663,0.1993505308271679,1.8515763977371191,-0.42361987800773176,-0.9328304730553888
234,0.27548751891629336,1.797655875247262,-0.2984448121593178,-0.7675721088645999,-1.0071264731396377
235,1.9275267452872047,-0.1763226128745052,-0.6471841358916498,-0.8876240625387023,-0.2163959339823473
236,1.2200490341258545,-0.5123468753579873,-1.3969745738178214,1.072611084382549,-0.3833386693325948
237,0.10884292179248678,-0.7619004525474075,1.6689248008181305,0.235826330550388,-1.251693600613598
238,-0.36536535319192437,1.7091667369656123,0.4861216987384078,-0.7833680877759056,-1.04655499473619
239,1.7184742424293598,0.5149328846995777,-0.7343125752224746,-0.9933024876453391,-0.5057920642611237
240,1.0978492927901577,-0.7776432490596951,-1.1664648735895427,-0.4345653450627707,1.2808241749218507
241,-0.5067109347616109,-0.9649069927907271,-0.10242029532415539,1.9190329018631223,-0.3449946789866287
242,-1.0828321381488248,-0.19435448633440444,1.8880150101056432,-0.4442388259072102,-0.1665895597152038
243,-0.4090145791930709,1.987555220766329,-0.6966029551881989,-0.3770603151936122,-0.5048773711914469
244,1.2335053212751221,-0.9524534759212969,-0.6922202857788661,-0.7963135618358385,1.2074820022608792
245,-0.8919136930392585,-0.6928258151287098,-0.7724609662929293,0.7605156936182963,1.5966847808426012
246,-1.0087123767271744,-1.0613866522742852,-0.04740684799239984,0.505673045252265,1.6118328317415944
247,-1.5219782063224778,-0.3477064439293837,0.2928054264668495,1.5738291672593159,0.0030500565256963486
248,-0.9046288323565445,0.03119409766746705,1.9028399577154902,-0.39215437067672865,-0.637250852349684
249,0.0135809185128049,1.914909510305491,-0.4164815010593503,-0.6654650071274401,-0.8465439206315054
250,1.8415455176609188,-0.03646624787447364,-0.23703061118407864,-0.3828956026819732,-1.1851530559203933
251,0.8113100987176773,0.3366073813828661,-0.008630958496996567,-1.9074418278362413,0.7681553062326945
252,0.7713745299284291,0.46587966659043745,-1.2143420817685173,1.153243109100919,-1.1761552238512683
253,0.8328629541943781,-0.28439222826149496,1.2899218924717806,-0.25900006502386147,-1.5793925533808022
254,-0.44703389070484634,0.6108325682150191,-0.4299715284642034,-1.3172143649776389,1.5833872159316695
255,0.705521798653654,-0.17278084864987445,-0.921497859465997,1.5262308297405578,-1.1374739202783402
256,0.006154982563228377,-0.7939927506564607,1.8218748387155996,-1.0248045967775248,-0.009232473844842565
257,-0.5802344330584183,1.8857619074398593,-0.7978223454553252,0.15956446909106503,-0.667269598017181
258,1.883693284141259,-0.7764842545315114,0.17255205656255806,-0.6470702121095928,-0.632690874062713
259,-0.8893762985262671,1.9326831102590034,-0.5045500155100938,-0.46179153961940794,-0.07696525660323465
260,1.9420646251236355,-0.7711138952696788,-0.7235142721048838,-0.2951176636217289,-0.15231879412734395
261,0.29588619118217685,0.32876243464686317,0.62464862582904,0.723277356223099,-1.972574607881179
262,0.12966776351889125,0.3948972798075325,0.48330711857041286,-1.9332284742816515,0.9253563123848149
263,0.17662976767674865,0.2569160257116344,-1.9375750272419094,0.6583473158860631,0.8456819179674633
264,0.009284166658860551,-1.8939699984075524,0.3574404163661312,0.5199133328961909,1.0073320824863699
265,-1.6838749076295862,0.4823832626631176,0.6387111718594982,1.1076948994486404,-0.5449144263416699
266,0.016251034766798112,0.3006441431857651,1.153823468442666,-1.8526179634149849,0.38189931701975566
267,0.4729228638613845,1.261127636963692,-1.5163558492063438,0.5479899851092233,-0.7656846367279558
268,0.44811463599545737,-1.2611886147088645,0.009239477030834173,-0.7992147631671559,1.603049264849729
269,-1.193977614483294,0.10897414735363398,-0.7201769738153202,1.7435863576581436,0.0615940832868366
270,0.041100831638787916,-0.8579798604596977,1.8135741960615166,-0.010275207909696979,-0.9864199593309099
271,-0.49873664433299164,1.837687275064807,0.24262863778361757,-0.6110647173809627,-0.9705145511344703
272,1.8110022666109733,0.32623135518627233,-0.4684347664213141,-0.8030310281508242,-0.8657678272251074
273,1.7608175569602664,-0.09782319760890369,-0.8804087784801332,-1.0271435748934887,0.24455799402225922
274,0.39993390068532914,-1.0543711927158677,-1.327053397728592,1.0361923790483527,0.9452983107107779
275,-1.043109627946299,-1.3176121616163776,1.0614097968576377,0.9699089523009446,0.3294030404040944
276,-1.9058559744943202,0.8470470997752534,0.7411662123033468,0.0,0.31764266241572003
277,0.782702399219566,0.6976260514783088,0.10209161728950861,0.35732066051328015,-1.9397407285006636
278,0.4715068554325913,-0.04420376769680543,0.17681507078722172,-1.8123544755690228,1.208236317046015
279,0.23012651446611432,0.4458701217780965,-1.4958223440297431,1.4526736225673467,-0.6328479147818143
280,0.7088886058523025,-0.5503214177011295,1.3618123217688969,0.009327481655951349,-1.529706991576021
281,-0.6082066368135103,1.0997709049230597,-0.10831077093939225,-1.4830244020932168,1.0997709049230597
282,0.9790718514777685,-0.2884765276675568,-1.730859166005341,0.9790718514777685,0.061191990717360534
283,-0.28211631651196994,-1.7367785735268149,0.9962232426828938,0.07052907912799249,0.9521425682278984
284,-1.5717344032073886,0.23284954121590942,-0.3783805044758528,0.20374334856392073,1.5135220179034112
285,-0.5627890958308738,-1.0432188117840586,-0.585666701352454,0.44382554711865657,1.74784906184873
286,-1.1763467036954474,-0.7020133554311541,0.3652366781635058,1.7170867207167415,-0.2039633397536461
287,-1.1795516591880195,-0.3234254549386505,0.7610010704438835,-0.7800260972049806,1.522002140887767
288,-0.9101840261592369,0.2797354575810499,-1.4112027561551472,1.1147666742409001,0.926884650492434
289,0.18980252089118815,-1.6404360734166976,1.093624048944465,0.8902642051324778,-0.5332547015514334
290,-1.0782066604628413,1.2349672032960912,1.0629129489669145,-0.14146683133732316,-1.0782066604628413
291,0.957880757205038,0.7619506023221893,-0.6095604818577514,-1.6762913251088163,0.5660204474393405
292,1.2234076881467377,-0.2998074176486077,-1.484530277711654,1.005805530175974,-0.4448755229624501
293,-0.08412695925412023,-1.5563487462012242,1.53832154064677,-0.26439901479866357,0.36655317960723816
294,-1.5495505782642067,0.883432799193313,-0.5338390711702907,-0.03779391654302943,1.2377507667842138
295,-0.3917310633653137,-0.6884970204602483,-0.5846289354770212,-0.31753957409158007,1.9823965933941632
296,-0.7636363656082877,-0.6579949711565483,-0.38634567113778984,1.952856634579297,-0.14487962667667117
297,-0.6836823431667166,-0.4085791648432986,1.9603648707194676,-0.1640430063335937,-0.7040603563758587
298,-0.28826469465299526,1.9019817598182924,-0.06217473806241075,-0.561456725533285,-0.9900856015696015
299,1.9111154598774718,0.03509110307684623,-0.4417879900187564,-0.8511841925819624,-0.653234380353599
300,1.7794956003235012,0.3329731031280171,-0.9088528142756532,-0.30840951355299945,-0.8952063756228656
301,1.6980131716110058,-1.0223952547376127,0.292967061299082,-0.9925006566458696,0.023915678473394448
302,-0.7816543677894608,-0.1227886171623291,-0.7666801461842988,-0.25755661160878784,1.9286797427448765
303,-0.15276881937510556,-0.8096747426880595,-0.2902607568127006,1.9401640060638408,-0.687459687187975
304,-0.8027550477521215,-0.2838639522469479,1.9443154578635033,-0.6806630252803159,-0.17703343258411802
305,-0.45555223910773013,1.9542530837085235,-0.8846956527599397,-0.3400136277398276,-0.2739915641010261
306,1.9079947973135607,-0.6801369466764428,-0.1835767864923142,-0.12338767616696529,-0.9208933879778385
307,-0.4983898380232737,1.0830394557044216,1.2747278549441423,-1.2651434349821564,-0.594234037643134
308,1.0872439132529483,1.2779884594376762,-1.249376777509967,-0.5817708658634198,-0.5340847293172378
309,1.7362111361120074,-1.232149838531102,-0.44805448673858256,-0.3920476758962597,0.33604086505393693
310,-0.22994160384460754,0.4407214073688311,0.488625908169791,1.1113844185822697,-1.8107901302762843
311,0.09259075568008755,0.1346774628074001,0.6818046554624629,-1.885484479303601,0.9764116053536506
312,0.42555912138817825,0.8646280561537589,-1.1956184839001198,1.1010497902583025,-1.1956184839001198
313,0.7189144699177163,-1.2215183913646155,0.9415870933435577,-1.2215183913646155,0.7825352194679568
314,-1.1434658409976215,1.1706912181642315,-1.1434658409976215,1.000532610872919,0.11570785295809266
315,1.1237958768709513,-0.90860092172545,0.9743549357976865,0.19726204221670954,-1.3868119331598974
316,-0.6708469664831507,1.5772040382210244,0.6494369569145395,-1.2417805549794492,-0.3140134736729641
317,1.4096740505593555,0.43489944113001394,-1.552141108860567,-0.5773664994312254,0.28493411660242296
318,-0.05466331656497,-1.0893618086876165,-0.5817738691557521,-0.13275376880064144,1.85855276320898
319,-0.9844936944214768,-0.48650077506430955,-0.045968577171430824,1.9076959526143793,-0.39073290595716204
320,-0.8032344163970196,-0.2984696192076357,1.9400525248496323,-0.6935029387471536,-0.14484555049782322
321,-0.4857914015813612,1.9431656063254448,-0.9144308735649151,-0.3190982735877569,-0.22384505759141152
322,1.80181589298683,-0.5534989998064118,-0.06280839714115312,0.01570209928528828,-1.2012105953245533
323,-0.18908946047721467,0.9364430423633489,1.116528242817839,-1.6747923642267586,-0.18908946047721467
324,0.9364430423633489,1.116528242817839,-1.6747923642267586,-0.18908946047721467,-0.18908946047721467
325,1.0251766122186783,-1.6454515372585508,-0.22398816737550953,-0.22398816737550953,1.0682512597908915
326,-0.6482345966426077,-0.49433717441810376,-0.49433717441810376,-0.35443042694128196,1.9913393724200972
327,-0.6417213385268008,-0.6417213385268008,-0.4945375452867089,1.9732440547054992,-0.19526383236518863
328,-0.9323276238250856,-0.7803176851579521,1.76838228649432,-0.47123080986811394,0.4154938323568316
329,-1.0287849841783803,1.7989682783447085,-0.6858566561189201,0.29795412110084235,-0.38228075914825055
330,1.7737807128696048,-0.6385610566330577,0.31655163491211413,-0.34384056895626186,-1.1079307221923993
331,-0.16640021299240895,1.7002688430121786,0.4096005242890067,-1.0837347205146635,-0.859734433794113
332,1.7185675064180783,0.4365288610630384,-1.0468216376948591,-0.8243190628811744,-0.2839556669050832
333,1.756789076643027,-0.9282597304533025,-0.5255024093888531,0.45262251319623836,-0.7556494499971098
334,-1.128826044042471,-0.42748441904566953,1.27577381308942,-0.8282510619009847,1.1087877118997054
335,-0.499011074981269,1.2932117999514579,-0.9207105749654401,1.1175036749580531,-0.9909938249628019
336,-0.05710062169530823,-0.8391308753484428,-0.1191665148423824,-0.8639572326072724,1.8793552444934059
337,-0.9886990553497266,-0.3812356526984115,-1.0096460692342546,1.304998965006101,1.0745818122762918
338,-0.4733496963217072,-1.1400394094508723,1.3156010339082191,1.071148139094192,-0.7733600672298315
339,-1.036129426105119,1.329413995064626,1.0939300345861898,-0.6829034853874648,-0.7043111181582318
340,1.312793234885348,1.0868037891304367,-0.6183893015657117,-0.6389337966343399,-1.142273925815733
341,1.9005795967037717,-0.35618873700743076,-0.38337871693166214,-1.0495332250753304,-0.11147891768934856
342,-0.11183438222015263,-0.170694583388654,-1.6127695120169379,0.41790742829635985,1.4773910493293847
343,-0.08634389607645712,-1.4966275319919233,0.48928207776659033,1.5254088306840758,-0.4317194803822856
344,-1.3685682490980111,-0.07499004104646637,0.5999203283717309,-0.6749103694181973,1.5185483311909438
345,-0.714203324774288,0.14859263804028813,-1.4811330694983558,1.322953809649017,0.723789946583339
346,0.2720545182930097,-1.1294384547315857,1.2819538665019095,0.7666990970075728,-1.191269027070906
347,-1.1801687689064904,1.083433623914155,0.5997578989524787,-1.2382098559018915,0.7351871019417481
348,0.9729080026520508,0.37382672023083724,-1.9026821529697742,0.5415694793087771,0.014377950778109126
349,0.7130382781035774,-1.8922938918902632,0.9050101222083867,0.3016700407361289,-0.0274245491578299
350,-0.7162874159847287,1.101158266364583,0.7091601780147314,0.4953430389148124,-1.5893740673093981
351,0.5171013377908934,0.1744438247969279,-0.012460273199780564,-1.8347752286676882,1.1556903392796474
352,0.10468068750672999,-0.07477191964766428,-1.8244348394030083,1.0468068750672999,0.7477191964766428
353,0.08658811022915125,-1.6018800392392982,1.168939488093542,0.880312453996371,-0.533960013079766
354,-1.302341255652493,1.2915334444022648,1.021338163146561,-0.30261871500638843,-0.7079116368899443
355,1.3671056735945473,1.0328500076790101,-0.6050027553071224,-1.1063862541804284,-0.6885666717860067
356,-0.19387909597511818,-0.5510247990871779,-0.6603551163663799,-0.5692465186337117,1.9745055300623877
357,-0.5771045002938957,-0.6868201847604158,-0.5953904477049824,1.9573278108827186,-0.09801267812342462
358,-0.7311701441240421,-0.6381932692354304,1.9577210776546072,-0.132399069841383,-0.4559585944537516
359,-0.6935892635059362,1.9693662146411675,-0.17473260873801913,-0.5066482628910248,-0.5943960795061873
360,1.9670140478072138,-0.16790656800517353,-0.4984013964316463,-0.585773592452438,-0.7149324909179561
361,1.85306683001767,0.13799433840557118,-0.31541563064130557,-0.9856738457540798,-0.6899716920278559
362,1.5577440256285375,0.6198353190982663,-0.7666384209899609,-0.15495882977456657,-1.2559820939622763
363,1.4369494220616792,-0.7058698915390704,0.23949157034361318,-1.4621590610452173,0.4915879601789955
364,0.22099988389172387,0.8348884502576235,-0.2701109692009958,0.9985920679551967,-1.7843694329035482
365,0.9547919130520649,-0.14689106354647152,1.1180042058814776,-1.65660477221854,-0.2693002831685311
366,-0.2773259123616976,0.7461387642112342,-1.498880526335842,-0.37637088106230393,1.4064385555486094
367,0.56000218065092,-1.6539599288992288,-0.5469788741241544,1.211167506989199,0.4297691153832642
368,-1.1538902384105316,-0.13751023566550377,1.4767403569295403,0.7592956491095207,-0.9446355319630259
369,-0.2908594071525557,1.5354671028751197,0.7237664317517083,-1.2040226621663934,-0.7643514653078789
370,1.5348823698528837,0.8182057769254673,-0.8839011312771471,-0.4957013101081298,-0.9734857053930741
371,1.6836601241783862,-0.8823459474303842,-0.2971164925020682,-1.0173988985676878,0.513201214321754
372,-0.3137279025690793,0.5019646441105269,-0.5019646441105269,1.6313850933592122,-1.3176571907901329
373,0.5994062080804724,-0.3227571889664082,1.636840029758213,-1.0720149490669988,-0.8414740998052785
374,0.184506241605777,1.7528092952548815,-0.41513904361299825,-0.23063280200722125,-1.291543691240439
375,0.2570647110703458,-0.605938247522958,-0.5324911872171448,-0.9548117839755701,1.8361765076453271
376,-0.7260006953639403,-0.6625945210963472,-1.0271800231350072,1.3822545990335282,1.0335206405617665
377,-0.9050341805360211,-1.2963083563316693,1.2895035880569623,0.9152413329480815,-0.003402384137353463
378,-1.4062017670533904,1.292569301028874,0.9019576990695989,-0.056816233012258195,-0.7315090000328243
379,0.563888588477528,0.1810012753137744,-0.7588130388154388,-1.4201638524619222,1.4340870274860587
380,0.34817362960861253,-0.6310647036656103,-1.3201583455993227,1.6538247406409097,-0.05077532098458933
381,-0.41443375278044653,-1.0932476581966952,1.83637024938922,0.15719900967534178,-0.4858878480874201
382,-0.9546343847515281,1.831131435519835,0.23441200194966347,-0.3770975683538064,-0.7338114843641639
383,1.8796620903950694,0.11981909739570164,-0.55416332545512,-0.947319738784766,-0.4979981235508849
384,1.766933975709959,-0.19632599730110656,-1.3415609815575613,-0.032720999550184426,-0.19632599730110656
385,0.051708768999501914,-1.7580981459830651,0.3102526139970115,0.051708768999501914,1.3444279939870498
386,-1.3812656286327063,-0.23814924631598383,-0.3810387941055741,0.3334089448423774,1.6670447242118869
387,-0.17838665289640684,-0.31217664256871197,0.3567733057928137,1.6054798760676616,-1.4716898863953565
388,-0.03793762113383212,0.5311266958736497,1.593380087620949,-1.0243157706134671,-1.0622533917472994
389,0.6156429851880615,1.654076936107683,-0.9049210143728132,-0.9420079411913711,-0.4227909657315603
390,0.5903052055648851,-0.84388701922304,-0.8646724137851839,-0.5736768899151701,1.6919311173585088
391,-0.36999587385741045,-0.3886825341532393,-0.12706929001163592,1.9097766822337046,-1.0240289842114187
392,-0.6073866321368948,-0.3512597390671199,1.642871071261842,-1.2294090867349197,0.5451843866770923
393,-0.6970388401091393,0.34947952864976134,-1.1578909658011323,-0.22658562846522987,1.7320359057257402
394,-0.2745108370673885,-1.2767945910111091,-0.6575492143707212,0.6447812684606101,1.5640733739886088
395,-1.3824970233478755,-0.7581850528416189,0.5548009469859724,1.4816145939230956,0.10426653528042636
396,-1.151800985982948,0.4799170774928949,1.6317180634758428,-0.07998617958214915,-0.8798479754036407
397,0.46008756641909193,1.664680467589078,-0.12547842720520688,-0.9620012752399194,-1.0372883315630437
398,1.2824211557893255,-0.2751164568038394,-1.0029377710997107,-1.068441689386339,1.064074761500564
399,0.06449233157289513,-0.8839243092049746,-0.9692818068749828,1.8095789506041753,-0.02086516609711313
400,-0.5409117148964574,-0.6167404599754,1.8519064631501765,0.22580115201285136,-0.9200554402911705
401,-0.48301497240985547,1.8219261825752853,0.30365436376254756,-0.7662159334319205,-0.8763496404960569
402,1.5927948141990382,0.06945785116427917,-1.0039816668291262,-1.1144827936813886,0.4562117951471973
403,0.9152335752105222,-0.672416504236302,-0.8358510712381809,1.4872545597170985,-0.8942205594531377
404,-0.4032556246699644,-0.5842036613808458,1.9878434318666833,-0.6488279602061606,-0.3515561856097125
405,-0.7223193016461041,1.9007015200249675,-0.7882243474167341,-0.48506113687183633,0.09490326590970712
406,1.8915359072414684,-0.7550575432198454,-0.4566671051776384,0.1141667762944096,-0.7939780351383942
407,-1.0011841330376974,-0.1846155138934761,1.37751575751286,-1.1076930833608567,0.9159769727791699
408,0.02776920835669532,1.2496143760512892,-0.694230208917383,0.8886146674142502,-1.4717680429048519
409,1.3431423932515936,-0.36631156179588914,1.0256723730284896,-1.0500931438148822,-0.9524100606693118
410,-0.5004146142282578,-0.21287799113339193,-0.6416606746959113,-0.621482666057675,1.9764359461152359
411,-0.27991536546758683,-0.718897027178747,-0.6982390666276336,1.9614733543282192,-0.2644218950542518
412,-0.7226088753251249,-0.7019333710239768,1.9600378077488365,-0.26774778069986743,-0.26774778069986743
413,-0.8059063692832938,1.9721510616464004,-0.3527863222967029,-0.3527863222967029,-0.4606720477697008
414,1.9911517297406887,-0.4060169728242186,-0.4060169728242186,-0.5172544996253744,-0.6618632844668769
415,0.29799973182212974,0.29799973182212974,-0.507404948778221,-1.5544310335586768,1.465836518692638
416,-0.3781233817709293,-0.6005489004597112,-0.8897020747551277,-0.055606379672195484,1.9239807366579638
417,-0.7244158701277486,-1.0187098173671465,-0.16978496956119107,1.8449966692316095,0.06791398782447643
418,-1.2772635023040309,-0.3666668989503967,1.7944823730088952,-0.11169985001137914,-0.03885212174308839
419,-0.7928206127016384,1.974278780649178,-0.4663650662950814,-0.37309205303606513,-0.342001048616393
420,1.9837800266150707,-0.6511900594980097,-0.550490565761204,-0.5169240678489355,-0.26517533350692146
421,-0.46894446736025625,0.07214530267080865,0.2525085593478303,1.6052329844254924,-1.4609423790838751
422,-0.42629409440046767,-0.314111437979292,0.5272584851795258,-1.3798466739804611,1.5929937211806948
423,-0.09708280325593283,0.6310382211635633,-1.0193694341872948,1.5533248520949252,-1.0679108358152611
424,-0.45403166661627303,-0.5753923322212517,-0.38621247113113794,-0.5789617635625746,1.9945982335312373
425,-0.7853917723394701,-0.5942725623578727,-0.7889977951693116,1.8109446651463816,0.3577174647202729
426,-0.5868719835954042,-0.7808198851508008,1.8087437633944032,0.3613177573420909,-0.8023696519902893
427,-0.6026489943703954,1.7613875939922548,0.4400190154760994,-0.6223219756882539,-0.9764356394097049
428,1.7591009005993594,0.4535435102834444,-0.596085756372527,-0.9459621785911841,-0.6705964759190929
429,1.919187554503478,-0.2749435946112957,-1.0063206443162203,-0.4306998181595667,-0.20722349741639529
430,0.8754961651528004,-1.441993683781083,0.3819566602872511,1.0900785585726043,-0.9055377002315729
431,-0.5235420953669178,0.816851823494167,1.3372400508167057,-0.12930858981953994,-1.5012411891244148
432,0.7879891272034635,1.3186756822588572,-0.17689551835179793,-1.575978254406927,-0.35379103670359585
433,1.173142733383495,-0.23281440842919873,-1.5480646378668799,-0.39911041445005496,1.0068467273626387
434,0.0036962578438544196,-1.604175904232818,-0.19959792356813866,1.5191619738241664,0.2809155961329359
435,-1.534671062386804,-0.1395155511260731,1.567714219232453,0.33777449219996647,-0.23130209791954223
436,-0.6280309744441895,1.9113986178736202,0.08191708362315515,-0.7645594471494481,-0.6007252799031377
437,1.1999870202214131,-0.3581356610738326,-1.079058095702976,-0.9395247212586257,1.1767314578140213
438,0.039689530011275176,-0.8391500630955324,-0.6690520773329245,1.9107673733999622,-0.44225476298278055
439,-0.8838095269967058,-0.7149287256597556,1.8464300946173215,-0.4897543238771554,0.2420624819162952
440,-0.8678295440928444,0.24760108461406014,-0.7697697086021276,-0.4510752432572977,1.8410734113382097
441,0.05978216725287591,-1.0679268968354652,-0.7146686357957438,1.8260734724514824,-0.1032601070731493
442,-0.8086970508332438,-0.47809762753663476,1.8996751477120541,0.09409368201518875,-0.7069741513573642
443,-0.6981011188454623,1.892075651474011,-0.07479654844772811,-0.947422947004556,-0.17175503717626453
444,1.2228854386244317,-0.50325504134246,-1.2690779303418556,-0.5883464734535039,1.1377940065133878
445,-0.04858213765147026,-0.9487805706051838,-0.14860418575743845,1.8804145043922018,-0.7344476103781092
446,-0.569685917879077,0.11786605197498143,1.8613014041049152,-0.3855202116681684,-1.0239613265326513
447,0.27622466786769784,1.7398031319428133,-0.14635784640751154,-0.682316157195582,-1.1873537962074177
448,1.8166774575201161,-0.08740029005251418,-0.6284497046633162,-1.1382847299696488,0.03745726716536322
449,0.9472171603075996,-0.3288266825938299,-1.5312526114817153,1.2416888163617756,-0.3288266825938299
450,-0.12802299489819857,-1.4917462014224878,1.6531664993376076,-0.12802299489819857,0.0946256918812772
451,-1.6010397946813084,1.4653584561489943,-0.2713626770646286,-0.05427253541292571,0.4613165510098685
452,1.372397179175786,-1.226224698553513,-0.9013969638373507,-0.12993109388646495,0.8851555771015425
453,-1.3126424385483602,-0.8959305532949126,0.09376017418202573,1.3959848155990497,0.7188280020621972
454,-1.269060551220856,-0.07538973571609045,1.4952297583691274,0.6785076214448141,-0.829287092876995
455,0.17887952492499684,1.1952404619988426,0.6667327747204428,-0.3089737248704491,-1.731879036773833
456,0.7254746432236523,0.29285214955817157,-0.5058355310550235,-1.6705883986159331,1.1580971368891328
457,0.30093771159690286,-0.5015628526615047,-1.671876175538349,1.1703133228768443,0.7021879937261066
458,-0.0909120258746572,-1.0852623088787203,1.3295883784168614,0.9318482652152362,-1.0852623088787203
459,-1.092892012595809,0.45022793874378847,0.19606700558197238,-1.092892012595809,1.5394890808658572
460,0.34494814400622165,0.05402802255519134,-1.4213525933750337,1.5917486645106371,-0.5693722376970165
461,0.39631805210652066,-0.8487519345998052,1.6939966298004379,-0.1297678577693917,-1.1117948895377614
462,-0.5204899713735951,1.8830465206382292,0.15913069188492077,-0.7691316774437837,-0.7525555637057711
463,1.8510038128513162,0.07185042526779602,-0.8861552449694842,-0.8690480008581042,-0.16765099229152403
464,1.3998659921881198,-1.1289241872484836,-1.0837672197585444,0.7676684473289689,0.045156967489939345
465,-1.1721358237072563,-1.1216127278578056,0.9498342019696733,0.14146466837846197,1.2024496812169267
466,-0.9439615084386338,0.9347968335994238,0.20162284646262082,1.1639137045796748,-1.3563718762030854
467,0.8826235266698969,0.07101568605389975,1.136250976862396,-1.6536509752550943,-0.43623921433109847
468,0.5572228726219256,1.5163769976268795,-0.9956933297670474,0.10048281309575707,-1.1783893535775147
469,1.7784346547298187,-0.809234816437907,0.3199300437080097,-0.9974289597955597,-0.29170092220436183
470,-0.9227357377305511,1.3841036065958265,-1.3072089617849474,0.13456562841903869,0.7112754645006331
471,0.03302065882072333,-1.1227023999045933,-0.5035650470160308,-0.2559101058606058,1.8491568939605065
472,-1.1985766546837298,-0.5952662580308457,-0.353942099369692,1.697313249250114,0.45047176283415347
473,-0.9223097875911896,-0.6340879789689429,1.8157973943201546,0.326651383105213,-0.5860510108652351
474,-1.0940341959180087,1.4192876055152546,-0.10841780319908195,-1.0447533762820624,0.8279177698838985
475,1.2136712720510943,0.13252732281017696,-0.5301092912407078,0.7951639368610617,-1.611253240481625
476,0.5939827475181018,-0.23584609092630512,1.4238115859625087,-1.5897773536513902,-0.19217088890291528
477,-0.23584609092630512,1.4238115859625087,-1.5897773536513902,-0.19217088890291528,0.5939827475181018
478,1.3535879163241626,-1.678800597518929,-0.2724754896496691,0.5185823835267895,0.07910578731764586
479,-1.3672852762129317,0.3155273714337534,1.2621094857350137,0.7362305333454248,-0.9465821143012604
480,-0.014397807093022668,1.2814048312790176,0.5615144766278841,-1.7421346582557429,-0.08638684255813601
481,1.2765872385928827,0.749071850744584,-0.9389773903699715,0.2743080016811153,-1.3609897006486105
482,0.452298744883582,-0.8878456844011055,0.07538312414726367,-1.2228817917222774,1.5830456070925372
483,-0.823981214586864,0.1630796153869835,-1.167306720664724,1.7080443927373534,0.120163927127251
484,-0.4304027373033283,-1.2967978578489892,0.5757335317174391,-0.4583509669983496,1.609818030433228
485,-1.4582145923193564,0.4574790877864648,-0.600441302719735,1.5153994782926645,0.08577732895996214
486,0.411544714235644,-0.8164516104997454,1.6395410389710332,-0.019913453914627934,-1.214720688792304
487,-0.6837121212121212,0.017045454545454544,-0.4564393939393939,-0.7973484848484849,1.9204545454545454
488,-0.19509719023958103,-0.6979250001354085,-1.0599610232604042,1.826270605541645,0.1267126080937485
489,-0.6863845234858263,-1.0476395358467876,1.8323657015864312,0.1364741157808076,-0.23481575803462482
490,-0.9919013885592071,1.8210995849239195,0.1646634716185245,-0.1979882218270354,-0.7958734461562017
491,1.835112188494474,-0.06988756491809422,-0.4869585168486565,-1.1745619781395835,-0.10370412858813981
492,-0.038441773538439035,-0.4829247800766404,-1.2157210881531346,-0.07448093623072563,1.8115685779989397
493,-0.6316907371537159,-1.3222487114615415,-0.24678957114607541,1.530548166006853,0.67018085375448
494,-1.3222487114615415,-0.24678957114607541,1.530548166006853,0.67018085375448,-0.6316907371537159
495,-0.9166977509661655,1.127642403887357,0.13802551363979196,-1.359421096603234,1.0104509300422506
496,1.123848748146098,0.1705841849864613,-1.27185561453141,1.0109621551403516,-1.033539473741501
