0,Open,High,Low,Close,Adj Close,Volume
2013-12-18,461.989990,466.000000,449.000000,461.649994,448.653900,388237
2013-12-19,456.399994,460.480011,452.760010,456.600006,443.746094,340860
2013-12-20,455.000000,463.200012,455.000000,456.339996,443.493408,365775
2013-12-23,461.399994,461.399994,454.209991,458.279999,445.378754,21320
2013-12-26,461.529999,461.529999,454.010010,454.290009,441.501129,21196
2013-12-27,453.899994,462.149994,451.290009,452.549988,439.810089,202538
2013-12-30,451.750000,463.989990,448.640015,450.649994,437.963593,271595
2014-01-02,444.899994,449.630005,428.299988,434.170013,421.947510,33357
2014-01-03,439.500000,439.500000,420.570007,424.500000,412.549744,68113
2014-01-06,426.890015,435.160004,419.000000,420.640015,408.798401,58469
2014-01-07,421.000000,434.750000,419.000000,431.850006,419.692841,407052
2014-01-08,431.910004,433.760010,420.049988,424.239990,412.297058,405279
2014-01-09,426.000000,426.000000,416.089996,423.109985,411.198883,406441
2014-01-10,426.540009,432.440002,422.510010,428.559998,416.495422,455767
2014-01-13,431.000000,431.000000,418.000000,424.760010,412.802399,414406
2014-01-14,428.500000,428.500000,415.600006,419.290009,407.486450,445494
2014-01-15,422.000000,431.890015,421.000000,429.829987,417.729675,496724
2014-01-16,432.000000,440.000000,429.339996,438.350006,426.009857,82649
2014-01-17,439.000000,440.000000,425.500000,434.820007,422.579254,73934
2014-01-20,430.000000,439.390015,429.220001,434.420013,422.190491,11310
2014-01-21,431.019989,438.000000,428.970001,435.779999,423.512177,422271
2014-01-22,439.000000,439.000000,425.500000,430.299988,418.186432,467467
2014-01-23,433.000000,433.000000,426.000000,429.320007,417.234039,469542
2014-01-24,427.000000,429.880005,415.010010,420.609985,408.769226,141919
2014-01-27,420.890015,425.579987,413.570007,417.420013,405.669098,416892
2014-01-28,417.899994,425.000000,412.350006,417.970001,406.203552,497965
2014-01-29,414.549988,416.000000,405.510010,411.739990,400.148956,111584
2014-01-30,411.739990,416.190002,406.000000,414.380005,402.714661,129721
2014-01-31,409.000000,416.600006,406.809998,408.309998,396.815521,60902
2014-02-04,409.000000,410.029999,401.600006,407.570007,396.096313,57165
2014-02-05,410.000000,412.010010,402.500000,405.070007,393.666748,382489
2014-02-06,411.000000,411.000000,404.029999,406.920013,395.464630,409705
2014-02-07,409.000000,416.000000,401.500000,402.890015,391.548065,347520
2014-02-10,402.500000,402.500000,396.399994,400.279999,389.011566,79542
2014-02-11,404.799988,413.989990,403.070007,412.429993,400.819550,421462
2014-02-12,412.429993,417.000000,404.000000,413.329987,401.694183,429211
2014-02-13,409.000000,421.500000,409.000000,418.440002,406.660339,379652
2014-02-14,417.109985,426.000000,413.989990,421.529999,409.663330,74318
2014-02-17,419.390015,422.890015,415.000000,415.489990,403.793335,13395
2014-02-18,418.230011,419.000000,412.899994,415.640015,403.939178,380987
2014-02-19,416.140015,423.250000,411.970001,412.410004,400.800049,375883
2014-02-20,413.519989,413.519989,395.019989,400.100006,388.836639,228030
2014-02-21,401.989990,407.989990,398.000000,406.100006,394.667694,304061
2014-02-24,403.589996,407.489990,400.029999,401.309998,390.012573,44013
2014-02-25,401.000000,405.929993,386.179993,391.750000,380.721710,389909
2014-02-26,391.750000,399.970001,380.000000,383.320007,372.529053,367655
2014-02-27,385.839996,387.000000,375.149994,379.049988,368.379211,56135
2014-02-28,379.000000,380.000000,372.850006,378.079987,367.436493,103946
2014-03-03,376.000000,376.000000,362.760010,373.980011,363.451965,66294
2014-03-04,376.000000,381.000000,366.450012,372.100006,361.624878,64596
2014-03-05,371.679993,377.079987,370.109985,376.359985,365.764923,378796
2014-03-06,377.890015,381.149994,372.119995,378.459991,367.805817,396711
2014-03-07,378.450012,388.200012,376.440002,385.660004,374.803162,78796
2014-03-10,388.079987,395.100006,381.739990,390.339996,379.351379,65449
2014-03-11,389.420013,391.809998,379.529999,381.929993,371.178101,48125
2014-03-12,383.890015,391.369995,379.600006,386.420013,375.541718,416957
2014-03-13,388.820007,393.500000,373.299988,378.100006,367.455933,449700
2014-03-14,380.529999,383.100006,377.920013,379.309998,368.631897,336205
2014-03-18,382.089996,387.000000,373.079987,384.579987,373.753510,373883
2014-03-19,383.079987,388.000000,375.010010,377.089996,366.474365,388975
2014-03-20,378.000000,393.000000,374.380005,386.200012,375.327942,68239
2014-03-21,388.709991,393.500000,385.730011,387.649994,376.737122,198429
2014-03-24,391.000000,391.190002,385.859985,389.269989,378.311493,401449
2014-03-25,389.269989,396.000000,387.359985,393.320007,382.247498,462676
2014-03-26,390.000000,397.000000,387.000000,393.489990,382.412720,312140
2014-03-27,394.519989,406.589996,392.350006,405.390015,393.977753,390979
2014-03-28,403.010010,408.000000,401.149994,401.570007,390.265259,30391
2014-03-31,405.000000,408.000000,401.750000,402.579987,391.246796,37301
2014-04-01,406.549988,406.549988,397.040009,402.890015,391.548065,71024
2014-04-02,405.309998,405.309998,391.750000,401.679993,390.372131,95106
2014-04-03,405.989990,406.000000,394.119995,397.820007,386.620850,408615
2014-04-04,400.000000,404.910004,393.850006,395.480011,384.346710,410204
2014-04-07,397.549988,397.549988,385.000000,389.850006,378.875153,443887
2014-04-08,391.489990,392.649994,381.149994,384.049988,373.238464,416121
2014-04-09,387.570007,391.500000,383.510010,385.410004,374.560181,437494
2014-04-10,385.959991,389.989990,370.260010,373.750000,363.228424,47149
2014-04-11,374.679993,381.799988,368.000000,378.510010,367.854462,32238
2014-04-14,378.000000,383.100006,373.000000,376.450012,365.852448,423073
2014-04-15,376.010010,384.820007,367.980011,377.220001,366.600708,426245
2014-04-16,380.000000,381.989990,369.000000,373.859985,363.335297,378531
2014-04-21,375.980011,377.980011,369.600006,372.859985,362.363464,460017
2014-04-22,374.690002,375.500000,368.970001,370.260010,359.836670,148334
2014-04-23,371.000000,373.359985,368.200012,370.200012,359.778351,139344
2014-04-24,369.100006,372.000000,366.100006,368.019989,357.659729,136536
2014-04-25,366.500000,368.970001,355.000000,359.480011,349.360168,265088
2014-04-28,364.000000,370.500000,359.489990,370.049988,359.632568,313928
2014-04-29,370.179993,372.489990,370.000000,370.450012,360.021332,235914
2014-04-30,369.859985,379.679993,362.170013,375.890015,365.308197,324878
2014-05-02,374.299988,377.000000,364.899994,365.890015,355.589722,463446
2014-05-05,366.769989,369.989990,362.730011,363.470001,353.237823,10864
2014-05-06,361.440002,374.989990,361.440002,369.230011,358.835663,302926
2014-05-07,370.000000,374.500000,370.000000,372.559998,362.071930,74248
2014-05-08,374.589996,374.589996,365.000000,368.109985,357.747162,62977
2014-05-09,367.010010,373.000000,367.010010,371.540009,361.080597,473633
2014-05-12,373.899994,374.510010,367.799988,369.070007,358.680176,344673
2014-05-13,368.690002,373.540009,366.989990,369.079987,358.689850,457069
2014-05-14,370.000000,372.230011,363.209991,367.630005,357.280731,162552
2014-05-15,368.529999,372.799988,365.029999,365.359985,355.074554,407219
2014-05-16,366.779999,366.779999,357.040009,358.609985,348.514618,450802
2014-05-19,358.019989,362.970001,352.899994,359.670013,349.544769,354482
2014-05-20,356.799988,359.660004,351.000000,351.700012,341.799164,176173
2014-05-21,354.160004,363.500000,345.000000,348.739990,338.922485,386559
2014-05-22,351.309998,356.399994,343.410004,347.790009,337.999237,249148
2014-05-23,350.000000,350.989990,346.000000,346.880005,337.114868,27624
2014-05-26,348.630005,351.980011,322.570007,348.450012,338.640656,119610
2014-05-27,350.000000,350.000000,343.799988,346.179993,336.434540,362152
2014-05-28,348.000000,350.000000,334.000000,335.970001,326.511993,456848
2014-05-29,335.000000,341.399994,331.010010,340.730011,331.137970,159884
2014-05-30,339.899994,341.000000,332.010010,339.820007,330.253571,316005
2014-06-02,339.799988,340.989990,332.010010,337.820007,328.309875,275474
2014-06-03,335.489990,338.149994,332.000000,337.429993,327.930847,416311
2014-06-04,335.000000,337.350006,333.010010,334.179993,324.772369,363064
2014-06-05,334.200012,337.010010,333.149994,336.790009,327.308899,327399
2014-06-06,338.989990,345.989990,336.790009,343.549988,333.878571,373259
2014-06-09,343.989990,348.649994,341.600006,343.239990,333.577332,390674
2014-06-10,343.029999,343.029999,337.019989,342.170013,332.537476,265019
2014-06-11,341.119995,346.000000,339.000000,343.089996,333.431519,277189
2014-06-12,341.359985,346.510010,341.359985,344.059998,334.374237,288452
2014-06-13,345.589996,349.519989,342.100006,349.220001,339.388977,311420
2014-06-16,350.000000,350.000000,342.019989,345.519989,335.793121,431412
2014-06-17,347.000000,347.500000,341.750000,344.450012,334.753265,421938
2014-06-18,343.010010,349.989990,343.010010,349.399994,339.563904,398365
2014-06-19,349.000000,352.299988,345.250000,348.850006,339.029419,379278
2014-06-20,349.989990,350.980011,346.029999,349.019989,339.194611,390604
2014-06-23,346.730011,351.600006,346.010010,349.200012,339.369568,72638
2014-06-24,351.589996,351.589996,345.200012,348.190002,338.387939,471199
2014-06-25,349.000000,349.690002,345.000000,348.220001,338.417145,428970
2014-06-26,348.200012,349.790009,340.260010,344.820007,335.112823,279229
2014-06-27,344.000000,344.989990,337.029999,340.109985,330.535400,126575
2014-06-30,340.000000,346.619995,337.500000,345.160004,335.443268,96847
2014-07-01,343.850006,346.489990,337.000000,343.700012,334.024353,455713
2014-07-02,344.440002,346.000000,339.510010,342.420013,332.780396,419784
2014-07-03,344.500000,344.649994,339.820007,341.989990,332.362518,442577
2014-07-04,343.410004,345.000000,339.619995,343.940002,334.257599,484101
2014-07-07,346.000000,351.000000,342.149994,343.899994,334.218719,484594
2014-07-08,344.000000,346.779999,340.010010,341.160004,331.555908,413980
2014-07-09,344.000000,344.000000,335.799988,339.489990,329.932831,439478
2014-07-10,337.010010,340.000000,335.350006,339.290009,329.738525,392476
2014-07-11,337.399994,339.279999,335.100006,338.000000,328.484833,272595
2014-07-14,337.630005,339.000000,335.600006,337.950012,328.436249,135109
2014-07-15,336.000000,339.470001,334.799988,338.269989,328.747223,401774
2014-07-16,338.000000,338.000000,334.850006,335.350006,325.909454,26001
2014-07-17,334.799988,339.480011,334.799988,335.230011,325.792816,419078
2014-07-18,335.010010,337.760010,334.140015,335.899994,326.443939,35713
2014-07-21,335.269989,339.500000,334.500000,338.649994,329.116547,23511
2014-07-22,338.649994,339.630005,336.029999,337.660004,328.154419,36664
2014-07-23,339.350006,339.790009,332.179993,333.959991,324.558563,27039
2014-07-24,333.000000,336.410004,332.500000,335.559998,326.113495,19231
2014-07-25,334.000000,336.980011,332.000000,336.730011,327.250580,27760
2014-07-28,334.820007,338.440002,332.500000,336.410004,326.939575,25077
2014-07-29,338.739990,343.000000,335.059998,342.160004,332.527740,29351
2014-07-30,340.140015,343.000000,340.140015,342.720001,333.071960,325502
2014-07-31,342.890015,343.500000,338.010010,341.850006,332.226440,362037
2014-08-01,341.000000,347.989990,339.940002,342.769989,333.120544,82133
2014-08-04,345.359985,346.500000,337.149994,340.390015,330.807587,70551
2014-08-05,338.500000,347.000000,337.510010,345.279999,335.559875,457461
2014-08-06,346.140015,348.000000,341.350006,346.000000,336.259613,415958
2014-08-07,347.000000,355.000000,344.010010,353.730011,343.772034,435470
2014-08-08,355.000000,355.000000,348.500000,353.119995,343.179199,52523
2014-08-11,353.119995,357.000000,350.670013,354.829987,344.841003,27791
2014-08-12,353.000000,358.000000,353.000000,357.459991,347.397034,420592
2014-08-13,357.459991,360.000000,353.929993,357.839996,347.766296,428598
2014-08-14,358.299988,359.470001,356.029999,358.119995,348.038452,383765
2014-08-15,355.019989,359.980011,351.980011,355.519989,345.511597,71975
2014-08-18,356.000000,358.980011,352.500000,357.000000,346.949951,71378
2014-08-19,357.859985,364.440002,353.640015,363.559998,353.325256,419145
2014-08-20,364.429993,364.549988,360.049988,364.399994,354.141632,423412
2014-08-21,362.149994,364.399994,362.100006,363.869995,353.626556,468174
2014-08-22,363.869995,367.160004,363.000000,366.269989,355.958984,66116
2014-08-25,367.279999,369.899994,364.010010,368.209991,357.844360,45414
2014-08-26,368.209991,378.809998,367.660004,369.619995,359.214691,463318
2014-08-27,372.019989,376.600006,367.109985,372.790009,362.295471,416740
2014-08-28,371.600006,382.000000,370.019989,381.549988,370.808838,374454
2014-08-29,381.549988,385.000000,379.000000,382.679993,371.907013,304984
2014-09-01,380.769989,389.489990,373.209991,381.209991,370.478394,68127
2014-09-02,379.200012,387.980011,373.540009,385.079987,374.239441,470022
2014-09-03,387.989990,387.989990,379.529999,383.790009,372.985779,40649
2014-09-04,383.089996,386.100006,379.000000,383.130005,372.344391,414362
2014-09-05,380.959991,384.980011,379.279999,381.760010,371.012939,371310
2014-09-08,381.799988,381.799988,370.209991,380.000000,369.302490,43872
2014-09-09,379.179993,379.179993,367.470001,375.470001,364.900024,511715
2014-09-10,375.470001,375.500000,370.359985,373.320007,362.810547,480426
2014-09-11,374.989990,376.980011,371.010010,375.170013,364.608429,389455
2014-09-12,372.320007,377.309998,369.010010,374.149994,363.617157,45324
2014-09-15,376.000000,377.000000,372.299988,375.709991,365.133240,15680
2014-09-17,375.720001,378.000000,370.010010,372.890015,362.392639,414160
2014-09-18,376.000000,378.070007,371.950012,374.429993,363.889282,434220
2014-09-19,374.660004,375.269989,365.579987,369.619995,359.214691,396624
2014-09-22,369.619995,374.730011,367.269989,370.170013,359.749237,57568
2014-09-23,370.170013,384.000000,368.000000,378.720001,368.058502,429268
2014-09-24,376.440002,388.000000,373.739990,385.910004,375.046112,395855
2014-09-25,385.929993,389.640015,380.899994,387.350006,376.445587,155948
2014-09-26,383.609985,386.799988,377.100006,385.470001,374.618469,213016
2014-09-29,380.000000,384.359985,376.500000,381.559998,370.818573,156495
2014-09-30,378.570007,384.899994,372.510010,377.980011,367.339355,96798
2014-10-01,376.089996,377.989990,371.010010,376.850006,366.241180,442816
2014-10-02,375.279999,379.989990,370.000000,374.190002,363.656006,468888
2014-10-03,372.170013,383.000000,369.350006,372.089996,361.615112,154219
2014-10-06,372.089996,375.489990,366.500000,371.339996,360.886261,36546
2014-10-07,368.709991,371.970001,364.010010,369.109985,358.719025,40666
2014-10-08,368.359985,373.500000,364.510010,372.190002,361.712341,427994
2014-10-09,366.019989,372.989990,366.019989,370.440002,360.011597,457260
2014-10-10,367.880005,375.989990,365.000000,368.760010,358.378906,44784
2014-10-13,371.750000,377.829987,369.980011,375.260010,364.695892,455744
2014-10-14,375.260010,376.000000,370.019989,374.619995,364.073914,22141
2014-10-15,371.970001,376.480011,365.119995,372.600006,362.110779,449259
2014-10-16,374.459991,377.250000,366.000000,376.579987,365.978729,416621
2014-10-17,376.579987,377.029999,372.000000,376.269989,365.677460,432106
2014-10-20,374.000000,383.130005,373.000000,379.739990,369.049774,22598
2014-10-21,377.350006,388.899994,377.350006,387.220001,376.319214,54899
2014-10-22,388.769989,389.000000,377.109985,384.239990,373.423096,57869
2014-10-23,386.000000,399.989990,382.529999,394.380005,383.277649,73255
2014-10-24,394.380005,403.739990,387.000000,403.010010,391.664734,32334
2014-10-27,400.000000,406.989990,392.029999,405.910004,394.483093,31594
2014-10-28,408.799988,419.989990,408.779999,417.440002,405.688507,496364
2014-10-29,419.489990,428.500000,419.450012,427.890015,415.844330,450620
2014-10-30,429.000000,448.989990,429.000000,445.850006,433.298706,494567
2014-10-31,448.000000,512.000000,448.000000,499.839996,485.768799,766477
2014-11-03,510.010010,550.000000,486.820007,491.640015,477.799683,457640
2014-11-04,487.989990,517.000000,485.119995,508.500000,494.185028,113858
2014-11-05,515.000000,568.000000,515.000000,559.359985,543.613159,550457
2014-11-06,568.500000,595.010010,568.000000,574.929993,558.744995,469376
2014-11-07,579.989990,589.039978,560.059998,585.039978,568.570313,249148
2014-11-10,587.250000,603.090027,583.000000,584.169983,567.724792,102306
2014-11-11,581.000000,582.669983,555.000000,577.700012,561.437012,404977
2014-11-12,580.700012,580.710022,566.159973,571.130005,555.051880,557530
2014-11-13,568.070007,574.869995,555.179993,561.559998,545.751343,341608
2014-11-14,553.000000,567.989990,534.150024,553.979980,538.384705,403583
2014-11-18,560.599976,560.599976,536.030029,553.049988,537.480835,33036
2014-11-19,553.210022,580.000000,542.520020,571.599976,555.508606,100310
2014-11-20,572.000000,580.599976,567.890015,579.989990,563.662537,42480
2014-11-21,582.000000,595.000000,580.070007,584.789978,568.327332,79769
2014-11-24,583.000000,585.000000,573.099976,581.570007,565.198059,36360
2014-11-25,578.219971,580.489990,565.059998,575.909973,559.697327,360550
2014-11-26,579.989990,580.000000,566.200012,579.950012,563.623596,374222
2014-11-27,579.969971,588.000000,569.099976,583.059998,566.646057,21901
2014-11-28,581.059998,600.000000,566.010010,587.179993,570.650085,389777
2014-12-01,580.000000,587.169983,572.000000,576.950012,560.708130,417384
2014-12-02,576.940002,576.940002,561.020020,568.710022,552.700073,231742
2014-12-03,569.989990,584.000000,555.020020,575.799988,559.590454,149790
2014-12-04,562.510010,581.969971,562.510010,578.530029,562.243652,430348
2014-12-05,580.789978,580.789978,567.539978,575.090027,558.900452,334270
2014-12-08,565.010010,573.900024,565.010010,568.200012,552.204407,362928
2014-12-09,568.200012,573.450012,552.510010,556.780029,541.105896,417668
2014-12-10,552.000000,568.000000,552.000000,558.109985,542.398438,206267
2014-12-11,552.070007,563.000000,552.010010,561.729980,545.916504,323963
2014-12-15,558.919983,568.989990,549.000000,551.979980,536.440979,4022
2014-12-16,554.000000,570.599976,540.020020,557.760010,542.058289,83024
2014-12-17,561.030029,572.390015,540.510010,548.679993,533.233887,104213
2014-12-18,550.000000,559.979980,547.900024,552.900024,537.335083,361637
2014-12-19,545.049988,553.979980,542.030029,544.090027,528.773132,219622
2014-12-22,545.000000,558.890015,545.000000,554.739990,539.123352,302697
2014-12-23,557.900024,580.000000,550.049988,572.559998,556.441650,324603
2014-12-24,580.000000,580.030029,572.729980,574.940002,558.754639,4087
2014-12-26,579.979980,580.000000,564.520020,577.799988,561.534058,30429
2014-12-29,577.799988,583.000000,565.049988,582.039978,565.654724,89499
2014-12-30,567.530029,589.270020,567.530029,571.520020,555.430908,167757
2014-12-31,578.960022,578.969971,560.000000,562.929993,547.082703,10961
2015-01-02,562.929993,576.000000,505.010010,533.059998,518.053589,127567
2015-01-05,523.239990,523.239990,488.000000,499.559998,485.496735,418063
2015-01-06,499.559998,519.530029,475.000000,495.589996,481.638458,266871
2015-01-07,495.519989,526.789978,486.149994,494.690002,480.763824,413644
2015-01-08,508.989990,519.900024,506.230011,509.690002,495.341522,394322
2015-01-09,518.000000,523.900024,501.130005,518.429993,503.835480,202973
2015-01-12,524.940002,535.000000,512.000000,532.780029,517.781616,53123
2015-01-13,532.780029,549.989990,506.720001,518.179993,503.592529,118436
2015-01-14,515.000000,522.299988,500.000000,504.390015,490.190735,392153
2015-01-15,505.010010,523.719971,504.959991,519.599976,504.972473,366278
2015-01-16,519.000000,548.989990,519.000000,544.479980,529.152100,61228
2015-01-19,537.010010,569.900024,537.010010,559.820007,544.060303,38570
2015-01-20,563.000000,567.000000,559.820007,563.530029,547.665894,368945
2015-01-21,565.000000,568.000000,544.340027,566.869995,550.911804,379470
2015-01-22,568.000000,584.500000,565.039978,573.239990,557.102478,503555
2015-01-23,576.109985,579.989990,557.460022,567.840027,551.854614,236084
2015-01-26,566.979980,582.500000,550.000000,577.309998,561.057861,22198
2015-01-27,563.000000,583.390015,563.000000,579.549988,563.234863,359974
2015-01-28,573.119995,585.000000,573.119995,583.609985,567.180481,469026
2015-01-29,580.020020,585.000000,565.020020,576.289978,560.066711,83284
2015-01-30,563.109985,572.000000,545.000000,564.280029,548.394714,88880
2015-02-03,567.099976,574.000000,544.000000,556.450012,540.785156,62499
2015-02-04,556.409973,556.409973,540.109985,545.030029,529.686707,343847
2015-02-05,541.000000,549.989990,540.070007,547.919983,532.495300,327595
2015-02-06,544.489990,548.710022,538.099976,541.080017,525.847900,33674
2015-02-09,543.780029,543.780029,524.530029,529.440002,514.535583,54638
2015-02-10,534.969971,542.000000,522.940002,540.000000,524.798279,348760
2015-02-11,529.210022,539.739990,525.099976,533.809998,518.782471,376943
2015-02-12,533.809998,547.989990,533.809998,538.450012,523.291931,369721
2015-02-13,538.450012,546.989990,530.049988,537.219971,522.096497,19964
2015-02-16,537.500000,545.989990,534.989990,537.869995,522.728210,15318
2015-02-17,534.210022,538.770020,530.010010,537.669983,522.533875,47509
2015-02-18,532.690002,535.000000,526.000000,534.700012,519.647461,337168
2015-02-19,537.890015,544.030029,528.320007,530.840027,515.896179,374206
2015-02-20,531.140015,534.000000,526.000000,527.690002,512.834778,216815
2015-02-23,527.369995,533.799988,501.320007,518.989990,504.379669,75030
2015-02-24,514.320007,516.530029,505.149994,513.890015,499.423309,349853
2015-02-25,520.000000,526.479980,507.980011,517.830017,503.252350,326314
2015-02-26,517.849976,517.849976,502.200012,511.450012,497.051971,427277
2015-02-27,506.260010,510.989990,478.850006,498.720001,484.680359,106601
2015-03-02,495.000000,516.890015,495.000000,507.809998,493.514435,361804
2015-03-03,516.000000,518.989990,491.109985,494.480011,480.559692,151058
2015-03-04,494.500000,498.989990,460.000000,475.730011,462.337555,114004
2015-03-05,478.109985,478.109985,437.480011,460.450012,447.487732,121753
2015-03-06,448.769989,455.980011,426.209991,439.200012,426.835968,462601
2015-03-09,444.000000,453.290009,430.309998,442.420013,429.965271,323963
2015-03-10,439.829987,442.359985,431.010010,440.429993,428.031281,375381
2015-03-11,435.019989,452.989990,434.000000,438.910004,426.554108,398220
2015-03-12,432.410004,439.980011,430.000000,435.420013,423.162323,230114
2015-03-13,433.790009,445.000000,428.000000,439.809998,427.428741,219506
2015-03-17,440.790009,442.739990,435.010010,439.700012,427.321869,370820
2015-03-18,435.019989,454.670013,432.040009,448.859985,436.223938,428938
2015-03-19,448.850006,448.850006,435.000000,442.220001,429.770905,502229
2015-03-20,447.000000,448.059998,430.109985,434.489990,422.258514,127416
2015-03-23,436.369995,436.390015,421.000000,421.720001,409.847992,70281
2015-03-24,413.619995,425.970001,407.529999,411.489990,399.905975,420366
2015-03-25,412.000000,418.309998,406.029999,411.250000,399.672760,312961
2015-03-26,418.000000,418.000000,410.010010,413.899994,404.609406,328826
2015-03-27,412.000000,415.989990,401.049988,405.339996,396.241547,46270
2015-03-30,408.989990,409.010010,400.000000,402.410004,393.377319,41859
2015-03-31,400.600006,404.489990,390.000000,394.540009,385.683990,91102
2015-04-01,393.000000,396.059998,385.000000,393.209991,384.383789,104320
2015-04-06,394.000000,406.600006,389.000000,405.220001,396.124237,57233
2015-04-07,407.489990,411.500000,393.000000,404.149994,395.078247,93842
2015-04-08,407.989990,408.920013,401.880005,402.709991,393.670563,104688
2015-04-09,407.000000,407.899994,400.000000,406.570007,397.443939,47113
2015-04-10,406.989990,408.989990,398.940002,402.429993,393.396851,27840
2015-04-13,401.970001,406.790009,394.489990,400.339996,391.353760,438609
2015-04-14,400.899994,400.899994,395.899994,399.209991,390.249146,443843
2015-04-15,396.809998,401.000000,396.000000,397.500000,388.577515,48310
2015-04-16,397.470001,404.000000,395.000000,398.579987,389.633270,60065
2015-04-17,398.000000,400.970001,390.010010,392.940002,384.119873,44629
2015-04-20,396.190002,398.989990,391.049988,392.119995,383.318298,302890
2015-04-21,390.910004,393.000000,385.000000,387.709991,379.007263,393124
2015-04-22,388.049988,405.320007,388.049988,404.049988,394.980499,340768
2015-04-23,402.220001,409.750000,400.010010,406.549988,397.424377,302296
2015-04-24,401.369995,409.250000,401.000000,409.059998,399.878052,248357
2015-04-27,410.000000,411.489990,407.019989,407.329987,398.186859,298188
2015-04-28,407.059998,410.880005,407.049988,408.940002,399.760712,281489
2015-04-29,408.920013,412.000000,407.000000,411.640015,402.400146,320629
2015-04-30,407.010010,411.500000,395.799988,401.320007,392.311768,877160
2015-05-04,400.000000,407.450012,396.500000,401.709991,392.693024,136568
2015-05-05,400.000000,408.799988,394.000000,400.049988,391.070282,93801
2015-05-06,395.130005,402.619995,395.130005,400.820007,391.822998,345569
2015-05-07,395.200012,407.970001,395.200012,402.940002,393.895386,306391
2015-05-08,403.829987,406.730011,395.700012,401.750000,392.732117,400533
2015-05-11,400.000000,401.739990,395.010010,397.470001,388.548218,331411
2015-05-12,394.000000,400.779999,368.470001,385.880005,377.218384,196946
2015-05-13,385.000000,390.000000,381.010010,389.100006,380.366058,50777
2015-05-14,392.779999,401.989990,392.779999,400.980011,391.979431,63734
2015-05-15,400.980011,404.500000,393.140015,395.809998,386.925446,30969
2015-05-18,395.869995,401.989990,394.799988,397.059998,388.147400,12956
2015-05-19,397.980011,398.950012,392.890015,397.059998,388.147400,425342
2015-05-20,398.989990,398.989990,390.929993,395.820007,386.935242,326238
2015-05-21,397.799988,399.799988,396.040009,399.269989,390.307770,387123
2015-05-22,400.190002,403.019989,388.549988,397.649994,388.724121,71836
2015-05-25,390.000000,401.000000,390.000000,397.350006,388.430878,357948
2015-05-26,398.799988,398.799988,387.000000,394.059998,385.214752,393049
2015-05-27,390.000000,394.000000,386.040009,393.049988,384.227417,369972
2015-05-28,395.000000,395.000000,386.200012,392.570007,383.758179,397307
2015-05-29,386.019989,394.920013,385.200012,390.220001,381.460938,91947
2015-06-01,392.170013,392.170013,386.109985,390.929993,382.154968,28601
2015-06-02,386.010010,388.929993,376.820007,380.640015,372.096008,327808
2015-06-03,380.000000,389.890015,373.010010,386.220001,377.550720,287642
2015-06-04,386.220001,386.220001,373.010010,382.410004,373.826233,89656
2015-06-05,382.000000,383.890015,374.869995,382.100006,373.523193,40681
2015-06-08,382.100006,382.100006,374.109985,377.660004,369.182831,367621
2015-06-09,374.000000,378.899994,367.209991,371.329987,362.994934,225977
2015-06-10,368.000000,368.000000,354.000000,361.630005,353.512665,426280
2015-06-11,360.000000,369.500000,355.200012,363.920013,355.751282,373890
2015-06-12,361.500000,363.989990,357.670013,363.649994,355.487335,93668
2015-06-15,363.489990,363.489990,356.500000,360.350006,352.261383,48644
2015-06-16,360.339996,362.519989,354.000000,356.380005,348.380524,43867
2015-06-17,354.000000,368.049988,351.600006,365.040009,356.846130,483181
2015-06-18,360.850006,366.869995,358.010010,362.029999,353.903687,431481
2015-06-19,361.000000,364.149994,355.510010,358.649994,350.599548,281594
2015-06-22,360.000000,363.799988,356.000000,360.880005,352.779510,357329
2015-06-23,361.799988,364.859985,356.239990,362.489990,354.353363,331759
2015-06-24,363.700012,369.000000,361.200012,363.880005,355.712189,414117
2015-06-25,365.000000,371.279999,362.019989,364.570007,356.386688,47199
2015-06-26,362.000000,369.850006,360.109985,363.070007,354.920349,334768
2015-06-29,362.000000,362.100006,348.000000,354.000000,346.053955,297515
2015-06-30,352.230011,356.630005,344.049988,350.559998,342.691132,277855
2015-07-01,350.000000,355.989990,347.989990,351.950012,344.049988,96157
2015-07-02,354.000000,354.000000,346.019989,350.179993,342.319641,863963
2015-07-03,348.989990,360.000000,348.010010,354.959991,346.992371,340392
2015-07-06,348.010010,361.299988,346.010010,357.359985,349.338531,103548
2015-07-07,358.579987,373.440002,351.959991,366.070007,357.852997,38663
2015-07-08,363.420013,369.390015,360.010010,364.010010,355.839264,350976
2015-07-09,367.019989,368.000000,356.750000,360.630005,352.535095,331305
2015-07-10,363.500000,364.049988,357.429993,361.010010,352.906586,85257
2015-07-13,360.980011,363.000000,350.209991,356.029999,348.038391,81658
2015-07-14,352.950012,357.989990,352.000000,355.839996,347.852631,366669
2015-07-15,355.859985,357.959991,350.540009,354.660004,346.699127,333165
2015-07-16,356.000000,357.989990,353.010010,356.309998,348.312103,318102
2015-07-17,357.500000,358.600006,357.019989,357.239990,349.221222,343512
2015-07-20,356.500000,358.500000,353.450012,353.980011,346.034424,23500
2015-07-21,354.989990,366.000000,351.000000,357.470001,349.446045,333182
2015-07-22,361.750000,361.750000,350.000000,354.000000,346.053955,451512
2015-07-23,352.000000,360.600006,351.010010,360.029999,351.948608,337376
2015-07-24,360.589996,360.589996,351.040009,357.070007,349.055023,101881
2015-07-27,356.989990,356.989990,350.290009,354.880005,346.914215,32496
2015-07-28,355.799988,355.799988,351.000000,354.579987,346.620911,389437
2015-07-29,355.600006,357.470001,350.980011,354.649994,346.689331,368444
2015-07-30,351.510010,353.000000,349.010010,352.329987,344.421417,57426
2015-07-31,354.760010,356.980011,347.019989,351.369995,343.482971,79987
2015-08-03,351.369995,351.989990,348.000000,350.309998,342.446777,24995
2015-08-04,350.290009,350.899994,339.000000,346.709991,338.927582,537877
2015-08-05,342.000000,346.350006,337.000000,343.899994,336.180634,198380
2015-08-06,341.000000,344.000000,329.000000,334.529999,327.020996,336382
2015-08-07,330.049988,336.510010,325.010010,331.250000,323.814575,274559
2015-08-10,329.500000,330.260010,320.000000,326.429993,319.102783,95628
2015-08-11,320.399994,321.959991,310.010010,318.220001,311.077087,154456
2015-08-12,315.000000,319.799988,301.149994,305.140015,298.290680,306014
2015-08-13,304.170013,308.140015,283.010010,287.100006,280.655609,137150
2015-08-14,284.500000,288.000000,261.000000,283.750000,277.380798,281354
2015-08-17,283.000000,290.000000,281.980011,285.140015,278.739594,313383
2015-08-18,285.989990,298.799988,281.010010,292.179993,285.621552,310722
2015-08-19,295.880005,295.880005,290.380005,293.179993,286.599121,312364
2015-08-20,290.339996,296.000000,278.029999,286.589996,280.157043,302641
2015-08-21,285.899994,285.899994,267.899994,280.589996,274.291718,104211
2015-08-24,279.970001,282.839996,265.000000,278.679993,272.424622,461037
2015-08-25,277.000000,287.119995,276.570007,285.070007,278.671173,145650
2015-08-26,284.600006,292.989990,282.000000,291.019989,284.487610,249541
2015-08-27,293.500000,298.880005,278.000000,293.160004,286.579620,107538
2015-08-28,291.899994,294.799988,282.000000,286.049988,279.629181,474016
2015-08-31,287.880005,294.369995,280.049988,291.109985,284.575592,131810
2015-09-01,289.700012,289.700012,277.549988,283.989990,277.615417,129595
2015-09-02,290.000000,290.000000,278.019989,282.779999,276.432587,34642
2015-09-03,282.760010,285.049988,280.000000,281.450012,275.132446,348689
2015-09-04,281.500000,283.899994,277.250000,280.000000,273.714966,287696
2015-09-07,277.019989,283.790009,277.000000,283.380005,277.019104,13595
2015-09-08,284.000000,286.980011,279.140015,285.869995,279.453217,302520
2015-09-09,285.899994,288.890015,279.750000,280.579987,274.281952,315258
2015-09-10,280.529999,283.790009,278.500000,280.149994,273.861603,364049
2015-09-11,280.179993,284.209991,279.040009,282.160004,275.826508,301618
2015-09-14,280.369995,283.989990,273.160004,276.290009,270.088287,268563
2015-09-15,278.959991,278.959991,272.209991,275.839996,269.648346,129882
2015-09-17,276.000000,279.790009,270.350006,275.809998,269.619019,164776
2015-09-18,272.029999,279.950012,272.000000,276.640015,270.430450,408063
2015-09-21,278.760010,279.600006,276.230011,278.079987,271.838043,511618
2015-09-22,277.500000,277.500000,274.010010,275.750000,269.560364,304277
2015-09-23,279.980011,279.980011,271.320007,276.040009,269.843872,599904
2015-09-24,270.779999,285.000000,270.779999,276.109985,269.912292,190999
2015-09-25,273.519989,283.000000,273.519989,280.829987,274.526337,338014
2015-09-28,273.970001,280.989990,273.970001,277.209991,270.987610,260211
2015-09-29,277.209991,279.980011,277.209991,279.709991,273.431488,94296
2015-09-30,279.899994,292.970001,275.029999,290.420013,283.901093,164639
2015-10-01,292.000000,292.000000,282.529999,288.390015,281.916656,381006
2015-10-02,291.970001,291.970001,282.000000,287.399994,280.948883,232521
2015-10-05,284.399994,289.989990,283.049988,288.339996,281.867767,364401
2015-10-06,288.339996,289.440002,284.500000,288.970001,282.483612,311868
2015-10-07,290.000000,291.989990,285.019989,290.570007,284.047729,519635
2015-10-08,286.019989,297.899994,286.019989,295.260010,288.632477,374236
2015-10-09,295.000000,327.989990,294.989990,326.339996,319.014801,277098
2015-10-12,329.000000,345.500000,327.000000,339.000000,331.390656,193567
2015-10-13,342.890015,342.890015,319.260010,328.880005,321.497833,261733
2015-10-14,328.880005,329.000000,311.239990,323.690002,316.424286,186482
2015-10-15,317.010010,330.500000,317.010010,322.529999,315.290344,196580
2015-10-16,317.549988,325.739990,315.010010,320.489990,313.296082,382079
2015-10-19,320.510010,325.790009,311.149994,315.230011,308.154205,239403
2015-10-20,312.010010,319.390015,308.920013,310.420013,303.452148,121840
2015-10-21,312.000000,313.000000,305.000000,306.640015,299.757050,164614
2015-10-22,309.980011,322.000000,306.649994,315.480011,308.398590,51061
2015-10-23,311.000000,325.820007,311.000000,324.049988,316.776215,84493
2015-10-26,322.239990,328.250000,313.019989,325.730011,318.418518,347997
2015-10-27,321.160004,328.000000,316.149994,324.899994,317.607117,155078
2015-10-28,316.209991,326.549988,313.070007,325.019989,317.724426,118820
2015-10-29,325.000000,329.750000,317.510010,320.750000,313.550293,34542
2015-10-30,325.000000,331.489990,317.019989,329.040009,321.654205,451707
2015-11-03,326.140015,344.000000,322.489990,340.269989,332.632111,283215
2015-11-04,341.559998,356.989990,341.559998,350.950012,343.072418,409308
2015-11-05,350.510010,359.970001,350.130005,352.339996,344.431183,286028
2015-11-06,355.000000,358.600006,350.000000,356.890015,348.879059,472644
2015-11-09,356.950012,356.950012,348.010010,353.820007,345.877991,443074
2015-11-10,353.320007,353.739990,339.000000,343.359985,335.652771,288121
2015-11-11,349.989990,349.989990,340.019989,347.350006,339.553192,481845
2015-11-12,356.920013,366.000000,348.649994,359.700012,351.626007,332512
2015-11-13,359.700012,363.000000,348.100006,362.019989,353.893921,209210
2015-11-17,363.549988,366.299988,357.500000,359.649994,351.577118,56415
2015-11-18,358.000000,358.000000,348.100006,354.459991,346.503601,81088
2015-11-19,357.000000,365.000000,349.850006,350.820007,342.945313,26756
2015-11-20,349.000000,358.989990,349.000000,356.609985,348.605347,35166
2015-11-23,359.000000,359.000000,353.040009,357.000000,348.986572,366188
2015-11-24,358.000000,359.029999,354.649994,358.720001,350.667999,413908
2015-11-25,358.700012,362.029999,356.010010,357.470001,349.446045,629205
2015-11-26,357.450012,362.440002,357.429993,358.489990,350.443146,109215
2015-11-27,358.470001,362.230011,352.000000,357.760010,349.729553,148811
2015-11-30,357.000000,361.600006,354.179993,355.940002,347.950409,858422
2015-12-01,350.410004,366.000000,350.410004,356.690002,348.683563,683614
2015-12-02,359.450012,359.450012,340.209991,347.440002,339.641205,595777
2015-12-03,342.589996,345.980011,332.019989,340.839996,333.189331,487939
2015-12-04,340.820007,360.549988,337.040009,339.040009,331.429749,1072583
2015-12-07,335.660004,343.989990,335.649994,338.040009,330.452179,298718
2015-12-08,335.500000,342.290009,334.649994,337.700012,330.119812,549227
2015-12-09,337.000000,339.970001,334.320007,334.779999,327.265381,623067
2015-12-10,334.500000,334.579987,331.429993,331.859985,324.410889,491577
2015-12-11,329.850006,339.089996,325.000000,328.970001,321.585785,638995
2015-12-14,329.000000,345.000000,325.690002,338.170013,330.579254,492895
2015-12-15,339.250000,400.600006,336.519989,357.989990,349.954346,384947
2015-12-16,358.059998,370.149994,358.059998,366.609985,358.380890,640730
2015-12-17,367.320007,378.869995,362.950012,370.890015,362.564850,645352
2015-12-18,371.450012,375.000000,367.179993,367.929993,359.671265,592570
2015-12-21,373.000000,373.000000,362.019989,363.950012,355.780609,507808
2015-12-22,363.399994,371.720001,361.070007,364.750000,356.562653,534682
2015-12-23,377.970001,383.000000,365.029999,376.559998,368.107513,608815
2015-12-24,381.720001,385.000000,375.000000,378.970001,370.463440,25894
2015-12-28,378.910004,378.989990,366.019989,369.600006,361.303802,360680
2015-12-29,381.000000,381.000000,364.630005,367.119995,358.879425,48268
2015-12-30,379.119995,379.119995,364.000000,370.309998,361.997833,65920
2015-12-31,376.000000,381.000000,364.010010,379.040009,370.531860,265224
2016-01-04,376.989990,376.989990,358.130005,368.420013,360.150269,67241
2016-01-05,369.989990,371.859985,353.100006,357.299988,349.279877,92661
2016-01-06,357.279999,357.279999,335.000000,342.660004,334.968475,147376
2016-01-07,337.049988,345.500000,327.510010,334.149994,326.649475,158780
2016-01-08,334.149994,335.000000,301.339996,329.600006,322.201660,227196
2016-01-11,325.000000,348.000000,320.570007,342.029999,334.352631,195919
2016-01-12,340.309998,343.989990,331.739990,339.279999,331.664337,243581
2016-01-13,349.459991,349.459991,320.010010,334.839996,327.324036,385821
2016-01-14,331.549988,334.820007,326.619995,330.790009,323.364929,234135
2016-01-15,326.500000,355.000000,315.510010,346.679993,338.898254,280969
2016-01-18,350.000000,350.000000,339.019989,347.070007,339.279510,5156
2016-01-19,356.100006,356.100006,335.000000,338.239990,330.647675,261746
2016-01-20,338.200012,338.200012,318.000000,329.070007,321.683533,312524
2016-01-21,345.510010,350.000000,345.510010,350.000000,342.143738,3000
2016-01-22,335.000000,343.109985,331.070007,339.070007,331.459076,286692
2016-01-25,337.309998,344.950012,329.010010,341.850006,334.176666,317919
2016-01-26,336.570007,345.299988,336.570007,344.109985,336.385895,470962
2016-01-27,338.950012,343.890015,333.000000,338.000000,330.413086,328968
2016-01-28,338.000000,345.989990,332.010010,342.019989,334.342834,95807
2016-01-29,339.899994,349.989990,336.890015,341.019989,333.365295,64234
2016-02-02,341.410004,345.410004,327.010010,341.160004,333.502167,77385
2016-02-03,348.989990,358.230011,340.019989,346.940002,339.152405,74550
2016-02-04,347.500000,354.000000,341.739990,342.829987,335.134674,270707
2016-02-05,341.739990,347.230011,341.739990,341.989990,334.313538,272813
2016-02-08,342.100006,342.510010,336.859985,341.019989,333.365295,340885
2016-02-09,330.000000,341.940002,330.000000,338.140015,330.549957,459909
2016-02-10,343.399994,360.000000,337.200012,349.059998,341.224823,430173
2016-02-11,349.000000,352.190002,343.820007,344.279999,336.552124,417088
2016-02-12,340.380005,354.950012,339.119995,339.290009,331.674164,498986
2016-02-15,339.510010,346.989990,339.500000,344.959991,337.216858,37882
2016-02-16,345.200012,350.000000,339.779999,339.809998,332.182465,35004
2016-02-17,344.000000,357.799988,343.899994,351.700012,343.805542,387398
2016-02-18,357.000000,357.000000,344.660004,345.000000,337.255951,387844
2016-02-19,345.000000,349.850006,341.000000,341.690002,334.020233,39212
2016-02-22,343.000000,346.989990,334.940002,335.899994,328.360229,342959
2016-02-23,335.200012,337.109985,325.010010,335.450012,327.920319,271192
2016-02-24,333.760010,337.200012,325.209991,335.510010,327.978973,153250
2016-02-25,335.519989,339.769989,334.109985,338.839996,331.234253,42933
2016-02-26,332.000000,346.369995,327.269989,334.600006,327.089417,71265
2016-02-29,329.500000,338.950012,327.000000,334.570007,327.060089,50982
2016-03-01,337.000000,337.410004,329.000000,329.799988,322.397125,509582
2016-03-02,329.000000,333.980011,325.549988,327.200012,319.855530,544744
2016-03-03,327.200012,329.989990,323.450012,325.730011,318.418518,431591
2016-03-04,324.989990,331.989990,322.500000,328.209991,320.842804,629783
2016-03-07,328.519989,337.000000,328.519989,333.149994,325.671936,472580
2016-03-08,332.000000,343.100006,328.760010,331.950012,324.498901,59156
2016-03-09,330.290009,335.880005,325.260010,328.859985,321.478241,393624
2016-03-10,334.500000,334.500000,308.510010,316.230011,309.131775,1130655
2016-03-11,316.230011,325.000000,313.000000,319.239990,312.074158,396798
2016-03-14,317.000000,325.000000,315.079987,317.579987,310.451447,89907
2016-03-15,315.200012,335.329987,315.190002,333.630005,326.141174,77190
2016-03-16,334.000000,334.940002,330.040009,333.739990,326.248718,394678
2016-03-17,333.000000,346.000000,330.459991,343.220001,338.048218,413809
2016-03-18,344.950012,371.559998,338.070007,338.859985,333.753876,192782
2016-03-22,339.399994,345.000000,337.010010,339.209991,334.098602,39815
2016-03-23,342.510010,347.000000,339.209991,344.679993,339.486176,56441
2016-03-28,345.000000,350.000000,340.000000,343.320007,338.146698,22339
2016-03-29,342.040009,346.000000,339.890015,340.019989,334.896393,38505
2016-03-30,347.000000,347.000000,339.209991,340.779999,335.644958,56046
2016-03-31,341.000000,344.000000,337.369995,337.640015,332.552277,57455
2016-04-01,337.809998,342.989990,334.320007,336.220001,331.153687,50917
2016-04-04,336.000000,344.500000,336.000000,340.890015,335.753326,366039
2016-04-05,336.579987,339.179993,334.070007,334.089996,329.055756,406230
2016-04-06,334.070007,339.989990,329.970001,332.750000,327.735962,445493
2016-04-07,328.000000,332.739990,321.100006,326.160004,321.245270,423273
2016-04-08,328.489990,329.890015,317.000000,320.239990,315.414459,544705
2016-04-11,320.239990,324.989990,315.100006,316.950012,312.174042,322809
2016-04-12,317.200012,320.579987,314.000000,318.660004,313.858276,326048
2016-04-13,318.660004,322.989990,318.000000,319.559998,314.744720,322006
2016-04-14,319.570007,323.980011,317.250000,321.609985,316.763794,386525
2016-04-15,321.609985,323.899994,319.510010,321.100006,316.261505,45336
2016-04-18,318.250000,323.000000,318.250000,321.440002,316.596375,187220
2016-04-19,323.799988,329.029999,320.049988,320.869995,316.034973,491791
2016-04-20,321.720001,323.450012,318.000000,321.040009,316.202423,388449
2016-04-21,317.070007,325.500000,317.059998,321.049988,316.212250,413850
2016-04-22,319.000000,323.059998,318.510010,322.410004,317.551788,340334
2016-04-25,319.209991,324.500000,317.500000,321.510010,316.665314,63507
2016-04-26,322.950012,329.320007,321.519989,325.510010,320.605072,349668
2016-04-27,325.489990,326.000000,320.010010,323.579987,318.704132,381104
2016-04-28,324.070007,329.000000,318.500000,324.079987,319.196594,283026
2016-04-29,325.149994,326.500000,318.600006,323.510010,318.635193,306244
2016-05-02,325.000000,325.000000,316.959991,320.010010,315.187958,397355
2016-05-03,318.010010,323.500000,310.000000,312.119995,307.416809,564112
2016-05-04,312.140015,313.500000,306.040009,312.089996,307.387268,469625
2016-05-05,310.010010,314.980011,306.100006,310.230011,305.555298,144707
2016-05-06,307.750000,308.600006,300.010010,304.519989,299.931305,96869
2016-05-09,302.989990,304.380005,292.000000,300.100006,295.577942,73731
2016-05-10,300.100006,306.000000,293.600006,302.390015,297.833466,65836
2016-05-11,300.000000,306.000000,296.500000,301.140015,296.602295,34665
2016-05-12,302.899994,303.980011,296.489990,298.570007,294.071014,41900
2016-05-13,298.500000,301.970001,296.100006,299.160004,294.652130,30079
2016-05-16,300.989990,300.989990,290.049988,294.700012,290.259338,65332
2016-05-17,290.609985,296.869995,290.209991,293.450012,289.028168,227710
2016-05-18,292.399994,298.500000,290.500000,294.899994,290.456299,34173
2016-05-19,294.059998,296.350006,290.000000,292.200012,287.796997,53575
2016-05-20,292.619995,295.000000,285.619995,290.380005,286.004395,217583
2016-05-23,286.500000,305.000000,282.510010,290.290009,285.915771,487287
2016-05-24,290.250000,296.000000,290.239990,294.700012,290.259338,243292
2016-05-25,295.200012,297.000000,287.000000,289.339996,284.980072,276859
2016-05-26,291.989990,292.000000,286.000000,291.160004,286.772644,199207
2016-05-27,292.390015,295.000000,289.799988,291.399994,287.009033,193754
2016-05-30,291.000000,294.980011,289.890015,293.320007,288.900116,28602
2016-05-31,293.190002,293.339996,284.809998,287.700012,283.364807,115057
2016-06-01,289.859985,289.859985,277.799988,279.989990,275.770966,298907
2016-06-02,279.980011,281.989990,275.230011,279.109985,274.904205,146888
2016-06-03,277.609985,284.950012,277.000000,280.690002,276.460419,261098
2016-06-06,284.500000,287.000000,282.609985,285.100006,280.803986,56558
2016-06-07,285.910004,285.910004,280.049988,283.160004,278.893219,101827
2016-06-08,286.000000,286.500000,277.609985,279.390015,275.180023,288813
2016-06-09,279.000000,285.000000,276.010010,281.369995,277.130157,286426
2016-06-10,279.019989,281.260010,276.019989,277.839996,273.653351,47132
2016-06-13,276.010010,278.000000,266.500000,270.480011,266.404297,265425
2016-06-14,269.200012,275.500000,262.549988,269.429993,265.370117,240180
2016-06-15,269.500000,270.390015,262.000000,267.730011,263.695740,90172
2016-06-16,266.489990,266.489990,261.369995,262.549988,258.593750,213488
2016-06-17,264.410004,272.000000,262.109985,266.290009,262.277435,510206
2016-06-20,269.000000,272.000000,264.799988,269.649994,265.586761,262488
2016-06-21,263.179993,268.899994,261.549988,265.820007,261.814484,92508
2016-06-22,265.790009,266.000000,262.019989,265.079987,261.085632,286918
2016-06-23,268.440002,268.440002,263.019989,263.970001,259.992371,34578
2016-06-24,260.000000,268.000000,255.229996,264.890015,260.898529,316184
2016-06-27,261.549988,264.899994,250.110001,256.450012,252.585693,84567
2016-06-28,257.970001,260.000000,252.009995,258.850006,254.949509,67449
2016-06-29,263.839996,263.839996,254.270004,257.350006,253.472137,350995
2016-06-30,261.489990,262.549988,254.259995,255.669998,251.817429,43358
2016-07-01,254.029999,257.549988,251.009995,256.029999,252.172012,23539
2016-07-04,256.029999,259.790009,256.000000,257.730011,253.846405,28177
2016-07-05,257.000000,257.000000,250.000000,253.800003,249.975616,493661
2016-07-06,252.300003,256.500000,249.000000,253.960007,250.133209,513431
2016-07-07,252.080002,254.869995,246.009995,253.580002,249.758942,394388
2016-07-08,253.899994,255.000000,249.009995,254.350006,250.517334,148425
2016-07-11,250.029999,254.449997,250.029999,251.509995,247.720123,468311
2016-07-12,254.940002,254.940002,247.750000,252.820007,249.010391,538135
2016-07-13,252.520004,254.399994,248.110001,252.360001,248.557312,599306
2016-07-14,253.619995,254.500000,248.500000,250.990005,247.207962,527916
2016-07-15,252.000000,252.000000,247.500000,250.389999,246.617004,65177
2016-07-18,250.410004,254.080002,249.000000,253.449997,249.630890,456272
2016-07-19,252.000000,253.869995,249.500000,252.339996,248.537613,438708
2016-07-20,252.500000,254.000000,251.320007,253.970001,250.143066,30291
2016-07-21,254.000000,268.000000,254.000000,264.049988,260.071136,64751
2016-07-22,268.000000,288.869995,268.000000,286.359985,282.044983,177426
2016-07-25,290.000000,299.480011,268.019989,278.679993,274.480713,412090
2016-07-26,278.019989,279.010010,267.570007,274.739990,270.600098,653180
2016-07-27,276.290009,276.600006,270.500000,272.320007,268.216553,496973
2016-07-28,273.000000,274.200012,265.559998,272.429993,268.324860,549862
2016-07-29,271.010010,277.250000,270.109985,277.010010,272.835876,306241
2016-08-01,280.000000,280.000000,272.500000,275.440002,271.289551,247465
2016-08-02,274.000000,277.739990,268.010010,274.339996,270.206116,80371
2016-08-03,273.000000,276.000000,270.510010,273.489990,269.368896,574852
2016-08-04,273.250000,274.500000,269.500000,273.619995,269.496948,288670
2016-08-05,271.600006,274.609985,270.519989,273.769989,269.644684,31197
2016-08-08,274.450012,274.989990,271.000000,273.880005,269.753021,287585
2016-08-09,273.880005,274.899994,272.019989,274.160004,270.028839,29612
2016-08-10,275.000000,275.000000,270.000000,274.010010,269.881104,259328
2016-08-11,274.000000,275.000000,270.799988,273.619995,269.496948,321921
2016-08-12,271.700012,274.980011,270.000000,272.329987,268.226379,168319
2016-08-15,272.000000,274.019989,270.299988,273.769989,269.644684,209260
2016-08-16,270.630005,273.880005,270.010010,272.190002,268.088501,485156
2016-08-17,270.000000,272.350006,266.010010,271.399994,267.310425,322333
2016-08-18,271.000000,272.750000,266.769989,271.279999,267.192200,509771
2016-08-19,270.989990,272.000000,269.000000,271.119995,267.034637,474935
2016-08-22,272.700012,272.700012,269.040009,270.600006,266.522461,34806
2016-08-23,272.799988,272.799988,265.029999,267.429993,263.400238,550593
2016-08-24,265.049988,271.000000,263.519989,267.200012,263.173706,482184
2016-08-25,267.200012,269.440002,264.339996,267.589996,263.557831,483441
2016-08-26,267.589996,269.980011,265.000000,267.079987,263.055481,459568
2016-08-29,268.940002,268.940002,260.049988,262.510010,258.554382,510709
2016-08-30,262.980011,266.489990,261.000000,265.959991,261.952362,272497
2016-08-31,265.000000,266.489990,261.609985,264.290009,260.307556,68627
2016-09-01,264.290009,266.299988,253.110001,258.390015,254.496475,214652
2016-09-02,257.980011,264.190002,256.429993,257.700012,253.816864,342022
2016-09-05,256.399994,261.690002,256.399994,261.190002,257.254242,94376
2016-09-06,259.570007,261.179993,255.000000,257.130005,253.255447,130738
2016-09-07,256.179993,258.000000,252.750000,256.179993,252.319748,66981
2016-09-08,255.970001,257.799988,251.419998,254.070007,250.241562,352871
2016-09-09,253.149994,257.790009,251.300003,253.380005,249.561951,438366
2016-09-12,250.070007,259.000000,250.070007,256.179993,252.319748,81082
2016-09-13,253.619995,260.000000,250.009995,252.619995,248.813400,363590
2016-09-14,250.199997,253.000000,245.240005,248.630005,244.883530,412609
2016-09-15,245.009995,250.490005,240.009995,242.639999,238.983780,333377
2016-09-19,240.580002,252.000000,240.580002,247.759995,244.026627,79299
2016-09-20,248.990005,249.720001,241.660004,244.889999,241.199875,454570
2016-09-21,246.149994,248.490005,243.009995,246.000000,242.293152,405862
2016-09-22,247.990005,253.000000,242.110001,251.229996,247.444336,107714
2016-09-23,248.000000,256.220001,248.000000,255.619995,251.768188,379372
2016-09-26,255.619995,256.910004,250.020004,254.380005,250.546890,371991
2016-09-27,254.449997,255.000000,250.009995,251.509995,247.720123,423873
2016-09-28,250.009995,252.809998,249.500000,252.059998,248.261841,372036
2016-09-29,249.009995,252.880005,247.899994,250.639999,246.863235,55524
2016-09-30,250.250000,251.910004,249.149994,251.080002,247.296600,69378
2016-10-03,248.009995,249.669998,242.850006,245.660004,241.958282,88246
2016-10-04,245.000000,247.639999,243.110001,246.059998,242.352234,94918
2016-10-05,245.690002,250.050003,243.899994,248.660004,244.913071,74669
2016-10-06,247.800003,252.850006,246.800003,250.979996,247.198105,67584
2016-10-07,249.720001,252.000000,247.820007,251.050003,247.267059,39770
2016-10-10,248.020004,255.380005,248.020004,252.600006,248.793701,46281
2016-10-11,254.000000,256.739990,250.619995,252.119995,248.320923,353894
2016-10-12,253.800003,255.789993,252.000000,253.500000,249.680130,329867
2016-10-13,252.690002,255.490005,252.100006,254.669998,250.832504,329293
2016-10-14,255.949997,257.500000,252.059998,256.320007,252.457642,329809
2016-10-17,257.549988,257.600006,254.440002,256.429993,252.565979,13186
2016-10-18,256.929993,258.700012,256.420013,258.019989,254.132019,346235
2016-10-19,259.000000,264.929993,255.509995,263.250000,259.283234,317074
2016-10-20,263.250000,266.959991,262.489990,263.549988,259.578674,353753
2016-10-21,262.850006,262.850006,258.910004,261.059998,257.126221,267995
2016-10-24,262.000000,268.690002,262.000000,264.679993,260.691650,31627
2016-10-25,265.799988,266.890015,263.100006,265.690002,261.686462,329269
2016-10-26,263.140015,267.500000,263.029999,265.459991,261.459900,321440
2016-10-27,266.000000,266.440002,262.019989,264.790009,260.800018,54542
2016-10-28,265.500000,268.000000,261.230011,264.480011,260.494690,131955
2016-10-31,261.250000,265.200012,259.450012,263.540009,259.568878,64519
2016-11-01,263.579987,266.500000,253.009995,263.859985,259.884003,153963
2016-11-03,261.480011,263.989990,260.019989,262.320007,258.367249,34520
2016-11-04,263.989990,263.989990,258.000000,261.359985,257.421692,325272
2016-11-07,263.799988,266.600006,261.350006,266.420013,262.405457,370653
2016-11-08,265.049988,265.250000,262.250000,264.220001,260.238586,325949
2016-11-09,259.899994,266.700012,253.470001,262.829987,258.869537,483875
2016-11-10,261.000000,261.000000,241.500000,255.750000,251.896240,176093
2016-11-11,247.009995,260.000000,246.029999,255.830002,251.975037,143148
2016-11-14,248.300003,256.500000,248.300003,255.979996,252.122757,480931
2016-11-15,255.990005,260.000000,252.000000,255.710007,251.856842,21151
2016-11-16,253.000000,257.489990,248.789993,251.410004,247.621643,106912
2016-11-17,251.429993,253.199997,249.880005,250.639999,246.863235,28173
2016-11-18,250.679993,252.990005,244.500000,250.710007,246.932190,362858
2016-11-22,250.000000,251.789993,240.199997,249.929993,246.163925,525110
2016-11-23,249.889999,250.880005,245.570007,249.190002,245.435089,50830
2016-11-24,249.990005,250.000000,245.619995,248.869995,245.119904,314632
2016-11-25,250.979996,254.000000,247.550003,251.300003,247.513290,365371
2016-11-28,253.479996,254.490005,251.000000,253.429993,249.611176,338220
2016-11-29,250.000000,254.979996,250.000000,253.220001,249.404358,410137
2016-11-30,254.990005,257.000000,253.220001,256.059998,252.201553,131776
2016-12-01,254.100006,257.799988,252.139999,254.160004,250.330200,92548
2016-12-02,254.320007,256.739990,252.500000,254.360001,250.527191,31201
2016-12-05,253.059998,257.000000,247.149994,251.320007,247.533005,291296
2016-12-06,251.550003,254.449997,247.759995,251.690002,247.897415,59546
2016-12-07,250.899994,252.550003,246.580002,248.130005,244.391068,27396
2016-12-08,249.000000,249.960007,246.550003,247.759995,244.026627,339380
2016-12-09,247.500000,254.229996,247.500000,253.110001,249.296005,1069645
2016-12-13,253.679993,262.040009,251.660004,260.670013,256.742096,382148
2016-12-14,260.690002,261.850006,256.260010,259.730011,255.816269,30803
2016-12-15,256.559998,261.209991,253.020004,260.390015,256.466339,665051
2016-12-16,259.799988,261.899994,255.160004,259.630005,255.717758,746018
2016-12-19,259.640015,261.600006,255.509995,259.260010,255.353333,397835
2016-12-20,257.959991,260.019989,253.500000,259.820007,255.904892,56085
2016-12-21,258.000000,259.600006,251.490005,258.559998,254.663895,75326
2016-12-22,258.500000,265.890015,253.300003,259.809998,255.895050,117692
2016-12-23,261.500000,261.720001,255.270004,259.339996,255.432144,54353
2016-12-26,258.790009,261.000000,255.800003,260.459991,256.535248,17757
2016-12-27,260.929993,261.760010,255.000000,260.170013,256.249634,99085
2016-12-28,256.290009,265.000000,256.279999,262.279999,258.327850,282227
2016-12-29,260.000000,264.450012,258.079987,262.799988,258.839996,53466
2016-12-30,260.100006,264.000000,258.200012,263.390015,259.421143,94557
2017-01-02,260.000000,264.000000,259.109985,263.390015,259.421143,20165
2017-01-03,263.350006,267.450012,263.350006,265.429993,261.430359,51990
2017-01-04,262.500000,267.450012,262.500000,266.480011,262.464569,62337
2017-01-05,264.000000,271.989990,262.260010,268.000000,263.961639,426738
2017-01-06,266.500000,268.000000,265.010010,267.410004,263.380524,381757
2017-01-09,267.000000,268.700012,262.529999,266.579987,262.563049,91498
2017-01-10,262.829987,269.000000,262.260010,264.609985,260.622711,122539
2017-01-11,262.160004,268.299988,258.970001,265.329987,261.331848,432004
2017-01-12,264.000000,266.899994,261.019989,264.720001,260.731079,539769
2017-01-13,266.470001,266.470001,260.109985,263.429993,259.460510,77476
2017-01-16,263.630005,266.000000,261.250000,263.440002,259.470367,78473
2017-01-17,262.250000,267.000000,260.000000,263.149994,259.184723,416707
2017-01-18,260.000000,264.500000,259.500000,263.130005,259.165039,359155
2017-01-19,260.510010,265.989990,260.299988,263.209991,259.243805,342444
2017-01-20,263.250000,266.000000,260.760010,265.140015,261.144745,371834
2017-01-23,266.500000,268.989990,263.010010,268.369995,264.326050,309788
2017-01-24,266.500000,268.529999,263.549988,266.390015,262.375946,424056
2017-01-25,266.000000,273.000000,264.500000,270.089996,266.020142,385896
2017-01-26,273.000000,274.000000,264.019989,273.720001,269.595459,391936
2017-01-27,272.630005,275.799988,268.519989,273.720001,269.595459,41458
2017-01-30,273.489990,274.260010,268.130005,272.429993,268.324860,130405
2017-01-31,272.000000,273.799988,268.410004,270.369995,266.295929,50497
2017-02-01,272.000000,273.899994,265.000000,269.489990,265.429169,75080
2017-02-02,271.250000,274.000000,267.329987,271.410004,267.320251,29895
2017-02-03,274.000000,276.040009,268.019989,272.179993,268.078674,194152
2017-02-07,273.950012,273.950012,268.350006,270.239990,266.167877,151065
2017-02-08,270.000000,272.850006,267.329987,270.850006,266.768707,61356
2017-02-09,269.100006,271.980011,267.350006,269.510010,265.448914,50040
2017-02-10,268.500000,271.500000,267.510010,269.859985,265.793610,28716
2017-02-13,271.480011,271.480011,267.500000,269.480011,265.419342,42085
2017-02-14,269.510010,269.510010,265.359985,267.459991,263.429749,53255
2017-02-15,265.000000,267.299988,263.049988,266.799988,262.779724,372070
2017-02-16,266.299988,267.899994,263.510010,267.390015,263.360870,420822
2017-02-17,265.119995,272.000000,263.000000,269.179993,265.123871,307938
2017-02-20,268.000000,273.049988,264.100006,272.440002,268.334747,357936
2017-02-21,270.510010,273.100006,267.019989,271.540009,267.448303,338988
2017-02-22,273.399994,281.980011,273.399994,279.519989,275.308014,329729
2017-02-23,279.940002,288.220001,276.109985,284.480011,280.193329,315852
2017-02-24,284.480011,288.000000,280.260010,287.070007,282.744293,252726
2017-02-27,285.630005,290.679993,285.630005,290.109985,285.738464,254400
2017-02-28,289.000000,301.709991,287.540009,291.850006,287.452271,301255
2017-03-01,291.799988,299.000000,291.410004,293.700012,289.274414,303778
2017-03-02,298.000000,298.000000,290.000000,293.970001,289.540314,100695
2017-03-03,294.000000,297.880005,292.339996,297.500000,293.017120,43228
2017-03-06,294.149994,302.970001,294.149994,301.239990,296.700745,366106
2017-03-07,298.200012,308.089996,298.200012,307.079987,302.452728,386561
2017-03-08,306.000000,309.440002,304.489990,307.510010,302.876312,40921
2017-03-09,305.519989,309.890015,301.119995,308.519989,303.871063,424963
2017-03-10,308.519989,314.019989,306.859985,309.000000,304.343842,365884
2017-03-13,307.500000,314.970001,307.500000,313.500000,308.776001,268361
2017-03-14,313.510010,325.000000,313.109985,321.049988,316.212250,423642
2017-03-15,320.600006,336.269989,320.600006,334.640015,329.597473,475724
2017-03-16,334.000000,343.950012,331.519989,339.690002,334.571381,81325
2017-03-17,335.000000,374.000000,335.000000,371.369995,365.773987,586631
2017-03-21,375.000000,381.000000,369.000000,370.859985,365.271698,484769
2017-03-22,369.000000,378.619995,368.059998,374.350006,368.709137,112195
2017-03-23,370.000000,386.739990,369.109985,384.029999,378.243256,56608
2017-03-24,380.000000,395.019989,380.000000,394.470001,391.790588,81676
2017-03-27,394.470001,400.000000,386.500000,393.480011,390.807312,126829
2017-03-28,391.000000,409.070007,391.000000,406.890015,404.126251,68517
2017-03-29,406.010010,412.720001,404.000000,409.480011,406.698639,83468
2017-03-30,409.500000,442.850006,404.760010,430.940002,428.012878,65768
2017-03-31,430.000000,449.000000,419.109985,443.350006,440.338593,131100
2017-04-03,450.000000,460.000000,448.000000,454.820007,451.730682,388116
2017-04-04,455.000000,465.000000,453.579987,459.480011,456.359039,115990
2017-04-05,458.429993,498.000000,458.429993,487.679993,484.367462,130340
2017-04-06,490.200012,498.000000,480.119995,496.239990,492.869324,268405
2017-04-07,496.200012,570.070007,495.059998,565.020020,561.182190,316956
2017-04-10,569.000000,684.900024,555.500000,632.840027,628.541504,414387
2017-04-11,632.900024,714.989990,632.900024,701.320007,696.556335,237455
2017-04-12,703.020020,815.000000,703.020020,801.570007,796.125427,514686
2017-04-17,805.000000,925.000000,803.000000,809.000000,803.504944,269795
2017-04-18,800.000000,800.000000,561.000000,614.710022,610.534668,255174
2017-04-19,611.000000,699.000000,583.969971,626.200012,621.946594,169594
2017-04-20,630.000000,640.000000,545.000000,585.380005,581.403870,214109
2017-04-21,585.000000,630.000000,564.000000,605.609985,601.496399,107253
2017-04-24,615.000000,628.950012,586.000000,593.309998,589.279968,85776
2017-04-25,606.880005,613.010010,585.020020,588.880005,584.880066,93810
2017-04-26,586.500000,593.000000,570.099976,578.039978,574.113708,158869
2017-04-27,579.900024,608.090027,579.059998,586.780029,582.794373,93398
2017-04-28,587.000000,633.250000,587.000000,622.419983,618.192261,105786
2017-05-02,640.000000,700.000000,623.989990,667.270020,662.737610,149369
2017-05-03,690.080017,716.530029,625.000000,652.609985,648.177185,109919
2017-05-04,658.989990,658.989990,630.020020,639.340027,634.997375,78301
2017-05-05,648.890015,654.000000,636.500000,641.700012,637.341309,53126
2017-05-08,641.700012,688.000000,636.500000,661.570007,657.076355,239359
2017-05-09,661.000000,712.000000,657.630005,693.030029,688.322693,211797
2017-05-10,700.150024,736.000000,696.549988,699.840027,695.086426,283446
2017-05-11,709.489990,710.000000,690.010010,705.690002,700.896667,259978
2017-05-12,707.000000,718.570007,670.000000,697.969971,693.229065,55445
2017-05-15,691.799988,708.989990,676.099976,683.409973,678.767944,246512
2017-05-16,692.000000,701.000000,642.010010,689.510010,684.826538,302839
2017-05-17,704.690002,704.690002,657.010010,672.049988,667.485107,166366
2017-05-18,653.000000,679.890015,653.000000,663.599976,659.092529,85098
2017-05-19,665.000000,673.000000,620.000000,632.299988,628.005127,260337
2017-05-22,631.000000,640.000000,610.809998,637.030029,632.703064,217333
2017-05-23,644.000000,644.000000,622.099976,635.239990,630.925171,75005
2017-05-24,640.000000,640.000000,625.000000,630.969971,626.684143,216272
2017-05-25,637.000000,677.000000,621.119995,671.159973,666.601196,301085
2017-05-26,669.890015,716.000000,669.840027,688.809998,684.131287,310522
2017-05-29,690.010010,744.000000,686.000000,710.409973,705.584595,419950
2017-05-30,719.479980,769.000000,719.479980,734.270020,729.282532,185095
2017-05-31,744.000000,776.630005,734.380005,767.489990,762.276855,112389
2017-06-01,770.000000,808.799988,768.059998,774.419983,769.159790,281686
2017-06-02,779.000000,790.000000,735.010010,756.369995,751.232422,142231
2017-06-05,753.000000,764.570007,744.549988,757.450012,752.305115,64605
2017-06-06,758.000000,776.989990,745.590027,770.070007,764.839355,104881
2017-06-07,775.000000,797.299988,771.020020,792.859985,787.474548,143983
2017-06-08,795.590027,810.000000,790.000000,801.739990,796.294250,117483
2017-06-09,803.000000,857.880005,800.000000,844.679993,838.942566,128456
2017-06-12,845.010010,888.979980,844.010010,872.510010,866.583557,150067
2017-06-13,890.890015,890.900024,863.969971,866.380005,860.495178,100809
2017-06-14,864.000000,878.000000,855.500000,864.219971,858.349792,94541
2017-06-15,870.099976,874.500000,835.000000,849.219971,843.451721,183392
2017-06-16,847.000000,864.210022,729.190002,761.760010,756.585815,938103
2017-06-19,765.000000,779.989990,720.010010,729.469971,724.515076,378959
2017-06-20,729.000000,729.010010,699.000000,713.299988,708.454956,106922
2017-06-21,713.000000,758.000000,707.010010,748.080017,742.998718,206422
2017-06-22,748.080017,784.989990,748.080017,775.559998,770.292053,54448
2017-06-23,781.049988,796.000000,752.250000,758.309998,753.159241,79675
2017-06-26,745.000000,778.900024,745.000000,755.039978,749.911438,62743
2017-06-27,755.500000,772.000000,741.000000,750.270020,745.173889,51649
2017-06-28,750.630005,756.000000,723.020020,747.950012,742.869629,147173
2017-06-29,748.299988,757.500000,733.000000,751.419983,746.316040,66375
2017-06-30,752.000000,768.000000,749.919983,762.640015,757.459839,70914
2017-07-03,761.000000,775.000000,750.219971,758.299988,753.149292,33860
2017-07-04,755.000000,757.500000,745.000000,755.679993,750.547119,12333
2017-07-05,754.000000,784.000000,743.000000,774.460022,769.199585,32212
2017-07-06,773.900024,799.500000,769.900024,789.140015,783.779846,173974
2017-07-07,788.900024,795.739990,775.000000,784.409973,779.081909,146591
2017-07-10,777.099976,820.000000,777.000000,811.119995,805.610535,201070
2017-07-11,810.289978,828.000000,786.000000,793.369995,787.981079,215165
2017-07-12,791.049988,816.979980,791.049988,810.419983,804.915283,162219
2017-07-13,817.000000,842.020020,805.000000,830.729980,825.087280,134693
2017-07-14,831.510010,848.000000,777.000000,796.840027,791.427551,92006
2017-07-17,796.840027,804.929993,790.059998,802.940002,797.486084,72540
2017-07-18,802.799988,820.000000,802.159973,814.809998,809.275452,146591
2017-07-19,820.000000,821.500000,801.159973,815.150024,809.613159,128676
2017-07-20,815.020020,835.000000,806.109985,819.820007,814.251465,11705
2017-07-21,829.000000,846.989990,812.229980,817.609985,812.056458,129742
2017-07-24,813.520020,819.000000,800.760010,812.679993,807.159912,125009
2017-07-25,812.539978,816.989990,792.000000,797.559998,792.142639,45182
2017-07-26,806.989990,830.780029,799.989990,817.049988,811.500244,60625
2017-07-27,817.049988,833.000000,812.960022,826.020020,820.409363,39916
2017-07-28,823.010010,823.010010,803.510010,809.750000,804.249817,25774
2017-07-31,809.750000,812.950012,789.909973,795.299988,789.897949,48602
2017-08-01,793.799988,804.780029,782.000000,784.960022,779.628235,28786
2017-08-02,784.159973,789.969971,759.289978,780.409973,775.109070,35823
2017-08-03,789.000000,813.570007,770.000000,812.340027,806.822266,36809
2017-08-04,810.000000,839.000000,810.000000,832.890015,827.232666,31427
2017-08-07,832.900024,840.000000,810.000000,815.619995,810.079956,31599
2017-08-08,816.000000,824.890015,795.900024,799.729980,794.297852,105493
2017-08-09,796.000000,803.000000,790.000000,792.619995,787.236206,95799
2017-08-10,800.000000,802.900024,788.090027,799.840027,794.407166,29807
2017-08-11,807.000000,807.010010,795.000000,803.349976,797.893311,8189
2017-08-14,801.000000,825.270020,795.000000,817.469971,811.917358,28396
2017-08-15,817.000000,817.169983,791.099976,802.299988,796.850403,27212
2017-08-16,792.359985,805.989990,788.049988,791.010010,785.637146,23327
2017-08-17,792.200012,800.500000,776.049988,780.330017,775.029663,64688
2017-08-18,786.000000,790.000000,761.000000,784.289978,778.962769,90511
2017-08-21,788.000000,788.000000,766.150024,770.419983,765.186951,27729
2017-08-22,768.440002,785.739990,761.000000,784.179993,778.853516,63625
2017-08-23,776.080017,784.179993,770.000000,776.750000,771.473999,22113
2017-08-24,778.690002,783.000000,770.000000,776.130005,770.858215,16319
2017-08-25,780.000000,781.000000,770.000000,773.130005,767.878601,7351
2017-08-28,770.039978,777.489990,762.059998,766.840027,761.631348,15199
2017-08-29,764.989990,789.900024,762.900024,784.369995,779.042236,66109
2017-08-30,783.929993,785.000000,761.929993,766.609985,761.402832,22786
2017-08-31,770.000000,788.010010,761.010010,779.229980,773.937134,96009
2017-09-01,783.169983,785.000000,769.419983,782.859985,777.542480,57836
2017-09-04,780.000000,780.000000,768.020020,773.630005,768.375183,7773
2017-09-05,771.419983,778.080017,761.010010,763.830017,758.641785,103450
2017-09-06,764.979980,772.000000,744.020020,751.390015,746.286255,114251
2017-09-07,754.000000,760.000000,738.000000,746.900024,741.826782,48426
2017-09-08,749.940002,749.989990,716.919983,729.700012,724.743591,70610
2017-09-11,728.900024,777.010010,725.000000,760.739990,755.572693,93488
2017-09-12,767.989990,767.989990,753.010010,754.830017,749.702881,81941
2017-09-13,750.969971,785.000000,750.969971,778.799988,773.510071,115679
2017-09-14,774.989990,783.849976,770.049988,776.469971,771.195862,167979
2017-09-15,783.000000,831.000000,776.000000,823.440002,817.846863,317254
2017-09-18,819.320007,822.979980,802.489990,811.609985,806.097168,27599
2017-09-19,813.000000,813.000000,791.250000,804.979980,799.512207,100555
2017-09-20,807.000000,821.500000,794.979980,815.960022,810.417664,148042
2017-09-21,807.010010,820.989990,799.140015,807.169983,801.687317,46020
2017-09-22,808.969971,819.609985,804.099976,812.739990,807.219543,29846
2017-09-25,810.000000,816.929993,802.010010,808.530029,803.038147,12289
2017-09-26,811.000000,840.799988,803.080017,828.690002,823.061157,107395
2017-09-27,815.000000,845.000000,815.000000,830.280029,824.640442,142735
2017-09-28,821.000000,835.000000,816.450012,819.270020,813.705200,146908
2017-09-29,829.000000,829.000000,815.500000,823.510010,817.916382,150177
2017-10-02,824.000000,838.000000,818.969971,837.289978,831.602722,33350
2017-10-03,837.289978,837.289978,820.960022,823.729980,818.134827,134135
2017-10-04,823.729980,829.770020,799.270020,818.690002,813.129089,124179
2017-10-05,822.780029,824.500000,799.059998,800.989990,795.549316,36109
2017-10-06,807.900024,807.900024,777.000000,787.690002,782.339661,112010
2017-10-09,786.989990,791.510010,776.000000,779.700012,774.403931,185584
2017-10-10,783.940002,789.700012,762.020020,768.809998,763.587891,305257
2017-10-11,774.400024,794.929993,766.099976,781.489990,776.181763,417030
2017-10-12,789.989990,805.000000,774.059998,779.979980,774.682007,128526
2017-10-13,779.979980,803.070007,775.010010,802.479980,797.029175,235165
2017-10-16,802.400024,803.000000,785.200012,789.890015,784.524719,116213
2017-10-17,790.000000,852.539978,786.070007,808.599976,803.107605,177884
2017-10-18,810.000000,824.969971,800.000000,815.280029,809.742310,139180
2017-10-19,818.000000,820.020020,805.039978,817.419983,811.867737,123319
2017-10-20,812.000000,821.489990,805.000000,805.840027,800.366394,15278
2017-10-23,802.010010,809.989990,796.500000,801.469971,796.026062,159998
2017-10-24,805.900024,809.000000,789.000000,800.820007,795.380493,142103
2017-10-25,800.630005,808.500000,790.000000,793.760010,788.368469,141960
2017-10-26,794.599976,804.750000,781.500000,782.869995,777.552429,130020
2017-10-27,785.940002,790.869995,773.010010,778.099976,772.814819,265560
2017-10-30,777.000000,783.000000,770.000000,772.210022,766.964844,426203
2017-10-31,772.210022,796.960022,760.000000,768.900024,763.677307,437777
2017-11-01,769.010010,828.000000,769.010010,808.729980,803.236755,445027
2017-11-03,810.119995,833.359985,798.000000,830.109985,824.471497,450199
2017-11-06,828.099976,830.109985,801.159973,812.450012,806.931519,410001
2017-11-07,812.450012,822.000000,808.000000,812.580017,807.060608,26020
2017-11-08,819.000000,819.000000,801.080017,804.250000,798.787170,23749
2017-11-09,800.000000,810.000000,800.000000,807.520020,802.034973,32750
2017-11-10,801.030029,817.159973,799.159973,812.309998,806.792419,23091
2017-11-13,816.000000,824.000000,805.000000,808.760010,803.266541,41950
2017-11-14,805.000000,814.559998,797.049988,803.409973,797.952881,226256
2017-11-15,801.000000,808.940002,790.010010,795.250000,789.848328,165172
2017-11-16,803.000000,808.000000,792.000000,796.400024,790.990540,9309
2017-11-17,805.000000,806.000000,797.010010,803.289978,797.833679,21856
2017-11-21,812.000000,813.000000,795.710022,810.619995,805.113892,121157
2017-11-22,808.599976,813.000000,797.099976,802.070007,796.622009,112118
2017-11-23,800.000000,806.500000,796.010010,796.960022,791.546753,3832
2017-11-24,799.989990,808.000000,797.000000,800.599976,795.161987,4352
2017-11-27,799.500000,806.000000,780.000000,790.169983,784.802795,112368
2017-11-28,794.000000,801.320007,786.099976,791.890015,786.511169,121261
2017-11-29,797.000000,800.000000,790.000000,795.940002,790.533630,26959
2017-11-30,801.900024,801.900024,786.270020,794.669983,789.272217,43825
2017-12-01,786.010010,811.989990,781.210022,785.039978,779.707642,60389
2017-12-04,790.000000,790.000000,768.700012,773.750000,768.494385,24783
2017-12-05,780.000000,780.000000,755.099976,760.020020,754.857666,126982
2017-12-06,765.599976,769.000000,730.000000,744.020020,738.966309,216396
2017-12-07,744.489990,757.000000,716.500000,722.789978,717.880493,50457
2017-12-08,726.000000,730.000000,710.000000,714.909973,710.054016,34655
2017-12-11,717.000000,729.000000,710.000000,714.030029,709.180054,23491
2017-12-13,722.979980,722.979980,690.010010,707.820007,703.012207,81338
2017-12-14,708.130005,715.500000,696.010010,706.039978,701.244263,48467
2017-12-15,707.140015,716.989990,695.000000,701.950012,697.182068,185897
2017-12-18,709.000000,714.979980,698.150024,700.969971,696.208679,52658
2017-12-19,704.469971,713.330017,698.530029,706.080017,701.283997,25775
2017-12-20,700.119995,710.900024,700.109985,708.429993,703.618042,346132
2017-12-21,704.159973,714.510010,701.599976,708.510010,703.697510,129920
2017-12-22,701.599976,710.989990,690.010010,702.130005,697.360840,26909
2017-12-26,702.000000,707.000000,692.049988,700.630005,695.871033,25347
2017-12-27,693.559998,703.010010,693.000000,702.479980,697.708435,16725
2017-12-28,698.969971,704.989990,695.059998,703.000000,698.224915,26897
2017-12-29,703.000000,706.969971,688.049988,700.599976,695.841187,141907
2018-01-02,699.979980,707.000000,693.059998,702.729980,697.956726,71973
2018-01-03,701.010010,701.979980,696.059998,700.760010,696.000122,36136
2018-01-04,695.510010,717.520020,695.510010,703.690002,698.910217,44402
2018-01-05,703.690002,712.000000,698.510010,702.940002,698.165344,24508
2018-01-08,713.989990,713.989990,695.260010,700.000000,695.245300,44624
2018-01-09,700.270020,707.000000,688.049988,692.109985,687.408875,54814
2018-01-10,692.109985,692.109985,662.000000,666.799988,662.270813,69901
2018-01-11,666.659973,685.000000,650.049988,665.719971,661.198120,110908
2018-01-12,665.719971,674.960022,660.000000,665.130005,660.612183,42822
2018-01-15,668.840027,672.000000,656.099976,658.679993,654.205933,10977
2018-01-16,660.000000,674.000000,660.000000,673.950012,669.372253,50239
2018-01-17,677.969971,678.000000,661.109985,667.409973,662.876648,43347
2018-01-18,670.989990,670.989990,661.010010,661.630005,657.135925,15159
2018-01-19,666.500000,674.000000,659.799988,671.630005,667.067993,187775
2018-01-22,671.539978,674.200012,666.200012,671.109985,666.551514,27081
2018-01-23,674.500000,678.000000,666.010010,674.909973,670.325684,192211
2018-01-24,675.000000,683.000000,666.000000,677.849976,673.245728,202751
2018-01-25,680.000000,680.000000,660.020020,663.989990,659.479858,168034
2018-01-26,673.799988,680.000000,661.559998,676.409973,671.815491,150630
2018-01-29,676.409973,688.000000,672.010010,680.820007,676.195618,14713
2018-01-30,679.979980,685.000000,672.239990,676.630005,672.034058,21547
2018-01-31,684.969971,684.979980,666.030029,672.390015,667.822876,29567
2018-02-01,678.000000,690.010010,671.000000,684.229980,679.582397,51622
2018-02-02,673.000000,687.419983,673.000000,680.289978,675.669128,12093
2018-02-06,668.010010,689.950012,660.010010,679.500000,674.884521,40789
2018-02-07,670.299988,679.969971,654.570007,662.270020,657.771606,53580
2018-02-08,668.789978,668.869995,625.099976,641.380005,637.023499,80109
2018-02-09,635.000000,653.979980,618.010010,622.000000,617.775085,371138
2018-02-12,604.049988,627.510010,598.010010,605.580017,601.466675,184486
2018-02-13,612.169983,612.169983,576.210022,604.299988,600.195313,183331
2018-02-14,590.099976,630.489990,590.099976,627.669983,623.406555,181725
2018-02-15,630.000000,634.489990,615.159973,626.440002,622.184937,201700
2018-02-16,620.320007,665.000000,616.440002,645.349976,640.966492,30440
2018-02-19,652.000000,664.400024,652.000000,656.739990,652.279114,5449
2018-02-20,654.090027,655.000000,625.919983,636.590027,632.266052,27273
2018-02-21,632.200012,644.900024,618.000000,623.229980,618.996765,236840
2018-02-22,629.000000,629.000000,611.659973,615.239990,611.061035,38961
2018-02-23,615.239990,628.739990,608.440002,625.450012,621.201660,29558
2018-02-26,621.000000,629.479980,603.010010,606.640015,602.519470,103118
2018-02-27,604.989990,610.500000,573.340027,589.190002,585.187988,178421
2018-02-28,599.000000,600.000000,550.000000,554.770020,551.001770,79832
2018-03-01,551.000000,560.000000,540.500000,548.000000,544.277771,38239
2018-03-02,542.229980,565.849976,541.119995,564.020020,560.188965,52267
2018-03-05,564.940002,572.820007,547.940002,556.450012,552.670349,45728
2018-03-06,564.969971,564.969971,521.969971,531.929993,528.316895,121620
2018-03-07,517.000000,531.280029,510.940002,516.719971,513.210205,30443
2018-03-08,510.000000,534.869995,502.000000,526.409973,522.834351,63179
2018-03-09,534.890015,535.000000,515.000000,519.419983,515.891846,47137
2018-03-12,524.989990,533.900024,519.020020,529.719971,526.121887,51667
2018-03-13,531.679993,535.000000,522.020020,532.369995,528.753906,123160
2018-03-14,532.500000,532.500000,525.109985,529.260010,525.665039,123910
2018-03-15,533.789978,533.840027,507.079987,510.119995,506.655029,61149
2018-03-16,510.140015,519.440002,510.049988,512.150024,508.671295,200430
2018-03-20,517.700012,524.789978,510.049988,514.429993,510.935760,259459
2018-03-21,515.409973,526.000000,510.000000,521.159973,517.620056,193089
2018-03-22,519.369995,527.099976,510.570007,515.280029,511.780029,193199
2018-03-23,515.000000,521.000000,510.000000,511.619995,511.619995,43634
2018-03-26,511.619995,524.000000,502.309998,519.260010,519.260010,50187
2018-03-27,519.400024,520.020020,505.589996,512.270020,512.270020,68694
2018-03-28,510.309998,516.500000,505.049988,510.079987,510.079987,134242
2018-04-02,515.000000,516.000000,505.040009,510.119995,510.119995,33705
2018-04-03,512.460022,527.000000,511.000000,512.030029,512.030029,32876
2018-04-04,516.000000,520.630005,510.010010,518.929993,518.929993,213411
2018-04-05,524.789978,535.000000,515.650024,521.320007,521.320007,221657
2018-04-06,524.630005,526.729980,511.100006,514.419983,514.419983,267372
2018-04-09,514.419983,524.000000,495.989990,510.230011,510.230011,235288
2018-04-10,510.010010,523.700012,508.529999,510.260010,510.260010,99432
2018-04-11,513.989990,518.400024,505.799988,510.609985,510.609985,294127
2018-04-12,513.000000,513.000000,506.000000,510.149994,510.149994,218393
2018-04-13,514.000000,525.000000,506.649994,522.309998,522.309998,127350
2018-04-16,522.330017,526.869995,511.489990,516.099976,516.099976,47429
2018-04-17,519.000000,530.000000,515.869995,523.969971,523.969971,38085
2018-04-18,526.000000,535.299988,518.059998,529.710022,529.710022,211057
2018-04-19,535.000000,535.000000,515.000000,515.729980,515.729980,34467
2018-04-20,522.489990,524.000000,512.000000,519.909973,519.909973,52725
2018-04-23,522.000000,522.000000,510.000000,510.109985,510.109985,16661
2018-04-24,516.979980,517.000000,497.799988,510.230011,510.230011,45179
2018-04-25,504.000000,511.980011,495.149994,510.369995,510.369995,273495
2018-04-26,503.010010,514.960022,497.200012,510.049988,510.049988,280515
2018-04-27,505.019989,515.000000,502.000000,510.160004,510.160004,326408
2018-04-30,508.890015,514.969971,503.170013,510.010010,510.010010,225953
2018-05-02,504.200012,510.399994,495.149994,510.000000,510.000000,302054
2018-05-03,505.579987,513.000000,502.109985,510.790009,510.790009,373179
2018-05-04,513.000000,513.000000,502.500000,510.019989,510.019989,399713
2018-05-07,511.000000,514.000000,503.029999,510.160004,510.160004,275717
2018-05-08,505.010010,525.000000,505.010010,513.479980,513.479980,438364
2018-05-09,514.000000,514.000000,505.790009,510.230011,510.230011,438403
2018-05-10,512.559998,518.989990,509.980011,517.599976,517.599976,306208
2018-05-11,519.489990,521.739990,505.510010,519.520020,519.520020,254959
2018-05-14,519.510010,529.950012,517.210022,524.719971,524.719971,208006
2018-05-15,520.000000,520.000000,507.100006,510.010010,510.010010,254497
2018-05-16,510.010010,516.989990,502.700012,510.109985,510.109985,253450
2018-05-17,506.950012,511.079987,491.010010,510.040009,510.040009,178923
2018-05-18,507.989990,511.100006,502.049988,510.200012,510.200012,172302
2018-05-21,515.000000,515.000000,505.010010,510.140015,510.140015,24572
2018-05-22,513.000000,513.000000,502.070007,509.929993,509.929993,172958
2018-05-23,509.929993,512.000000,505.049988,510.429993,510.429993,283821
2018-05-24,505.559998,512.349976,505.559998,510.079987,510.079987,261569
2018-05-25,511.350006,514.700012,505.510010,510.540009,510.540009,355312
2018-05-28,507.839996,514.929993,507.839996,510.339996,510.339996,193307
2018-05-29,507.040009,510.890015,507.040009,507.850006,507.850006,169888
2018-05-30,507.010010,514.989990,507.010010,510.149994,510.149994,246477
2018-05-31,507.799988,512.989990,506.000000,509.899994,509.899994,284459
2018-06-01,511.260010,514.690002,507.500000,510.119995,510.119995,230798
2018-06-04,508.190002,512.190002,507.510010,510.910004,510.910004,207693
2018-06-05,508.160004,515.929993,508.160004,514.250000,514.250000,169588
2018-06-06,514.989990,526.500000,514.609985,521.719971,521.719971,16459
2018-06-07,519.000000,533.979980,514.700012,533.080017,533.080017,17120
2018-06-08,530.000000,540.179993,523.409973,536.150024,536.150024,16899
2018-06-11,535.500000,546.000000,515.049988,517.210022,517.210022,59373
2018-06-12,515.000000,529.900024,513.000000,523.059998,523.059998,35940
2018-06-13,525.559998,555.000000,517.250000,528.840027,528.840027,51946
2018-06-14,537.190002,537.190002,514.400024,517.489990,517.489990,53177
2018-06-15,520.289978,528.289978,506.049988,512.619995,512.619995,336486
2018-06-18,511.000000,524.500000,509.059998,517.200012,517.200012,43420
2018-06-19,517.200012,519.520020,505.059998,511.670013,511.670013,308070
2018-06-20,514.450012,516.289978,508.040009,514.359985,514.359985,223121
2018-06-21,510.010010,517.890015,507.100006,510.429993,510.429993,105583
2018-06-22,510.850006,513.500000,507.010010,510.070007,510.070007,235538
2018-06-25,513.000000,529.849976,510.079987,527.419983,527.419983,218239
2018-06-26,535.000000,570.000000,528.000000,533.840027,533.840027,225009
2018-06-27,536.580017,540.000000,521.159973,524.679993,524.679993,221347
2018-06-28,527.849976,575.000000,521.849976,542.330017,542.330017,250721
2018-06-29,541.090027,558.989990,536.000000,541.770020,541.770020,228104
2018-07-02,540.000000,541.940002,509.989990,515.000000,515.000000,275094
2018-07-03,516.590027,521.989990,511.500000,520.030029,520.030029,183110
2018-07-04,512.130005,534.000000,512.130005,530.179993,530.179993,7184
2018-07-05,526.820007,550.000000,526.820007,547.530029,547.530029,29151
2018-07-06,543.500000,588.000000,531.000000,539.549988,539.549988,82547
2018-07-09,542.280029,546.840027,537.250000,542.419983,542.419983,31202
2018-07-10,544.630005,575.900024,542.020020,574.200012,574.200012,28758
2018-07-11,568.000000,627.989990,567.900024,603.450012,603.450012,51126
2018-07-12,610.000000,647.000000,610.000000,619.570007,619.570007,62863
2018-07-13,624.000000,624.000000,600.989990,607.409973,607.409973,210883
2018-07-16,609.989990,627.409973,581.289978,586.820007,586.820007,234672
2018-07-17,589.989990,605.489990,571.000000,594.020020,594.020020,227652
2018-07-18,593.349976,627.000000,593.349976,623.609985,623.609985,236593
2018-07-19,625.000000,625.000000,605.500000,611.349976,611.349976,93440
2018-07-20,614.500000,625.000000,592.549988,619.619995,619.619995,194182
2018-07-23,622.000000,641.400024,622.000000,635.780029,635.780029,176235
2018-07-24,639.000000,648.000000,610.010010,622.520020,622.520020,29474
2018-07-25,622.520020,646.000000,622.520020,641.270020,641.270020,227488
2018-07-26,641.270020,648.000000,627.200012,638.820007,638.820007,208469
2018-07-27,643.989990,702.989990,640.030029,684.130005,684.130005,50052
2018-07-30,686.000000,725.000000,671.000000,713.739990,713.739990,172506
2018-07-31,714.169983,720.599976,676.020020,686.659973,686.659973,327713
2018-08-01,700.500000,700.500000,675.750000,684.169983,684.169983,29903
2018-08-02,679.000000,709.000000,672.000000,694.729980,694.729980,227488
2018-08-03,683.440002,722.690002,683.440002,704.979980,704.979980,226259
2018-08-06,706.989990,712.000000,695.049988,700.580017,700.580017,208089
2018-08-07,705.000000,719.989990,704.059998,708.830017,708.830017,249433
2018-08-08,707.440002,784.000000,705.000000,750.090027,750.090027,263109
2018-08-09,751.960022,769.000000,751.960022,764.659973,764.659973,247454
2018-08-10,748.929993,794.989990,727.289978,783.239990,783.239990,288759
2018-08-13,780.010010,789.960022,759.750000,785.869995,785.869995,335759
2018-08-14,789.450012,800.039978,782.000000,793.780029,793.780029,260015
2018-08-15,785.049988,800.000000,785.039978,796.469971,796.469971,213829
2018-08-16,795.000000,803.900024,786.000000,800.090027,800.090027,243116
2018-08-17,801.479980,878.030029,790.010010,866.270020,866.270020,324248
2018-08-20,868.880005,895.010010,866.280029,886.869995,886.869995,326214
2018-08-21,890.000000,905.000000,879.969971,899.869995,899.869995,289365
2018-08-22,904.940002,938.000000,897.000000,930.380005,930.380005,97743
2018-08-23,937.000000,950.000000,910.059998,947.289978,947.289978,67830
2018-08-24,950.010010,973.000000,935.000000,950.830017,950.830017,21820
2018-08-27,963.000000,979.010010,935.000000,962.150024,962.150024,321781
2018-08-28,957.340027,966.099976,904.000000,920.440002,920.440002,304410
2018-08-29,915.820007,922.000000,831.989990,875.880005,875.880005,271984
2018-08-30,876.000000,880.489990,846.000000,859.140015,859.140015,25558
2018-08-31,843.000000,950.000000,842.960022,897.799988,897.799988,320216
2018-09-03,914.700012,939.000000,901.000000,915.419983,915.419983,263752
2018-09-04,931.000000,931.000000,865.150024,872.989990,872.989990,311874
2018-09-05,874.000000,889.859985,835.000000,862.710022,862.710022,290657
2018-09-06,870.000000,872.000000,834.000000,851.760010,851.760010,288186
2018-09-07,841.000000,858.400024,814.000000,820.950012,820.950012,280950
2018-09-10,833.799988,867.020020,821.010010,850.919983,850.919983,265880
2018-09-11,840.010010,874.750000,839.960022,860.869995,860.869995,217847
2018-09-12,853.530029,868.489990,821.599976,824.989990,824.989990,227176
2018-09-13,829.090027,859.989990,823.099976,830.419983,830.419983,52395
2018-09-14,832.489990,846.500000,828.530029,840.210022,840.210022,238932
2018-09-17,848.000000,848.989990,804.650024,824.909973,824.909973,299553
2018-09-18,830.000000,837.469971,808.500000,818.000000,818.000000,290777
2018-09-19,825.979980,832.049988,818.809998,822.989990,822.989990,20786
2018-09-20,828.989990,829.000000,810.000000,825.859985,825.859985,181969
2018-09-21,818.010010,829.359985,799.000000,815.530029,815.530029,518545
2018-09-24,811.450012,824.140015,802.000000,817.229980,817.229980,142552
2018-09-25,817.559998,830.000000,807.080017,826.500000,826.500000,202590
2018-09-26,824.409973,835.789978,811.020020,831.270020,831.270020,214899
2018-09-27,831.260010,845.130005,817.599976,842.849976,842.849976,366978
2018-09-28,835.000000,856.549988,822.010010,853.419983,853.419983,290614
2018-10-01,853.400024,862.000000,823.710022,836.630005,836.630005,59938
2018-10-02,829.500000,850.000000,826.000000,843.099976,843.099976,10033
2018-10-03,850.000000,850.969971,833.039978,848.869995,848.869995,310923
2018-10-04,840.000000,859.500000,836.000000,850.809998,850.809998,250364
2018-10-05,840.890015,850.000000,825.510010,830.010010,830.010010,285131
2018-10-08,834.159973,840.000000,812.099976,830.369995,830.369995,26445
2018-10-09,825.770020,827.979980,810.059998,821.299988,821.299988,31324
2018-10-10,818.840027,818.840027,810.000000,813.960022,813.960022,255742
2018-10-11,810.000000,810.000000,752.000000,802.150024,802.150024,43251
2018-10-12,802.150024,804.799988,770.000000,783.840027,783.840027,63399
2018-10-15,781.000000,790.349976,765.390015,777.559998,777.559998,16788
2018-10-16,769.000000,780.989990,764.000000,776.669983,776.669983,10258
2018-10-17,770.000000,780.000000,770.000000,776.909973,776.909973,13825
2018-10-18,763.210022,780.000000,763.210022,778.739990,778.739990,30062
2018-10-19,781.000000,781.000000,744.000000,753.960022,753.960022,18580
2018-10-22,755.830017,779.989990,745.500000,766.450012,766.450012,18732
2018-10-23,750.000000,804.000000,750.000000,782.989990,782.989990,55318
2018-10-24,786.179993,810.010010,771.000000,784.119995,784.119995,64856
2018-10-25,773.000000,796.960022,773.000000,789.599976,789.599976,8332
2018-10-26,775.059998,801.859985,773.229980,799.349976,799.349976,12407
2018-10-29,800.289978,809.979980,780.219971,803.270020,803.270020,52009
2018-10-30,790.000000,879.989990,780.000000,857.130005,857.130005,91192
2018-10-31,855.950012,877.000000,850.000000,859.760010,859.760010,113744
2018-11-01,859.989990,878.979980,840.049988,870.080017,870.080017,36069
2018-11-05,848.599976,973.000000,848.599976,957.820007,957.820007,144909
2018-11-06,951.400024,998.989990,917.000000,972.400024,972.400024,79071
2018-11-07,967.530029,990.010010,941.000000,978.750000,978.750000,53701
2018-11-08,969.000000,969.000000,914.020020,921.239990,921.239990,64021
2018-11-09,902.059998,969.000000,896.000000,928.869995,928.869995,83075
2018-11-12,934.190002,934.190002,883.349976,893.690002,893.690002,26865
2018-11-13,884.000000,895.950012,850.010010,879.210022,879.210022,54759
2018-11-14,889.979980,895.030029,837.000000,866.409973,866.409973,64658
2018-11-15,852.000000,865.000000,842.000000,850.320007,850.320007,73757
2018-11-16,850.000000,865.000000,826.469971,850.200012,850.200012,28052
2018-11-20,850.010010,855.000000,791.000000,844.849976,844.849976,160667
2018-11-21,847.000000,856.000000,817.000000,838.099976,838.099976,85578
2018-11-22,838.900024,895.919983,834.320007,867.049988,867.049988,39771
2018-11-23,874.989990,874.989990,834.000000,866.580017,866.580017,11056
2018-11-26,879.000000,915.000000,847.000000,860.049988,860.049988,65358
2018-11-27,875.000000,875.010010,823.489990,862.039978,862.039978,95811
2018-11-28,858.000000,911.000000,828.989990,904.250000,904.250000,84420
2018-11-29,890.000000,933.330017,852.049988,922.909973,922.909973,70770
2018-11-30,920.010010,977.000000,880.020020,915.000000,915.000000,50307
2018-12-03,925.000000,970.039978,883.080017,915.609985,915.609985,74058
2018-12-04,898.020020,910.000000,871.000000,901.739990,901.739990,130706
2018-12-05,901.739990,909.000000,881.000000,898.309998,898.309998,64426
2018-12-06,897.890015,913.909973,871.510010,897.030029,897.030029,76498
2018-12-07,885.080017,898.400024,879.530029,890.349976,890.349976,32411
2018-12-10,890.000000,918.489990,875.099976,884.080017,884.080017,24695
2018-12-11,887.000000,893.000000,848.700012,873.719971,873.719971,33064
2018-12-13,858.000000,892.000000,843.010010,882.030029,882.030029,110831
2018-12-14,882.030029,893.729980,851.950012,881.640015,881.640015,43101
